BatteryID,avg_voltage,avg_current,avg_temp,avg_soh,avg_ir
BAT0001,3.65451354,0.917552722,25.888505,100,0.052224335
BAT0002,3.160099603,1.697439796,18.32327821,99.41583684,0.04955297
BAT0003,3.829972082,0.989380877,26.90098926,97.69509735,0.050328574
BAT0004,3.954013844,0.949075061,28.05292873,97.62356247,0.052221889
BAT0005,3.19602534,0.848758988,27.79895224,98.01817913,0.053725956
BAT0006,3.125175705,0.694518467,30.40390363,98.14941776,0.052058474
BAT0007,3.174618579,0.884694592,29.16961077,97.30520643,0.050533656
BAT0008,4.052553074,1.032979623,27.2959004,97.92582556,0.05355467
BAT0009,3.633827114,1.510991312,24.64917144,96.36009041,0.046516043
BAT0010,3.560713195,0.593847263,16.69519533,95.75502453,0.048155531
BAT0011,3.128054183,0.815760409,27.1480911,96.31164206,0.052463268
BAT0012,3.779467208,1.71353546,26.03843844,96.37875183,0.051228217
BAT0013,4.04159951,0.720382885,26.35789419,94.93746519,0.052511027
BAT0014,3.993823043,1.01396772,18.61625712,94.80698941,0.051528815
BAT0015,3.751265651,1.796988383,19.5947173,96.37832308,0.052641891
BAT0016,3.09033446,0.732387967,30.26576427,95.30786451,0.049971194
BAT0017,3.134876433,0.624105253,24.80222423,95.56328496,0.052840972
BAT0018,3.059170785,1.226806993,28.40750349,95.13592949,0.053788829
BAT0019,3.30897506,0.953629267,25.14159188,97.01138033,0.054341101
BAT0020,3.162793761,1.345112547,25.1487807,96.61906275,0.056027109
BAT0021,3.312057648,1.705707336,29.69141903,93.9018364,0.052588197
BAT0022,3.462069667,0.705722732,22.41977636,94.76334982,0.052747822
BAT0023,4.131579341,1.371048627,25.48060388,95.932409,0.049253655
BAT0024,3.732451272,1.258263141,22.68862356,95.66775588,0.051337177
BAT0025,4.001968543,0.716118179,22.82751886,94.99420159,0.052113836
BAT0026,3.852421801,1.435997728,23.45413938,93.73388982,0.054700639
BAT0027,3.135003757,0.910460627,26.11066886,94.11052976,0.051477998
BAT0028,3.883104488,1.231751478,22.60625689,94.23809712,0.05439268
BAT0029,3.330118658,0.623408486,31.27878063,94.84464377,0.052896757
BAT0030,3.766929416,1.189376086,20.52696349,96.35667963,0.052645664
BAT0031,3.409154368,0.959695202,24.06564178,93.84649987,0.053597788
BAT0032,4.197206716,1.733571817,22.80134471,93.38476158,0.052417687
BAT0033,3.316261775,0.58546809,32.23488942,94.15907686,0.052441926
BAT0034,3.334956565,1.127910912,25.98277388,95.30206589,0.049990428
BAT0035,4.116806707,1.187647136,30.1592227,92.66688124,0.053004092
BAT0036,3.029573286,1.587509114,17.57219813,95.71310802,0.052640064
BAT0037,3.836026785,1.361431363,26.33525133,93.86970589,0.052668038
BAT0038,3.870391669,1.500818506,29.44815398,93.16704852,0.054633746
BAT0039,4.003654293,1.665573928,25.41141995,92.30213161,0.055217264
BAT0040,4.169327173,1.79330446,30.32740188,94.43526469,0.054464389
BAT0041,4.170722303,0.970813245,22.41355775,93.73639727,0.05609083
BAT0042,3.078332109,1.307034058,32.0467372,93.79103281,0.055351124
BAT0043,3.986207187,1.760162118,36.49449062,92.52500393,0.053709888
BAT0044,3.77557192,1.984176696,23.1858072,93.29092775,0.053474287
BAT0045,3.776810561,1.834278967,22.77248739,93.08778443,0.055125644
BAT0046,3.154019912,1.057200894,32.26692239,93.30329926,0.055747534
BAT0047,3.7802246,0.792749776,32.89786073,92.69046964,0.057495689
BAT0048,4.178979097,1.234088806,22.38569986,91.93482469,0.057182346
BAT0049,4.094182283,1.612462178,22.89906591,96.09282313,0.053817054
BAT0050,3.526956793,1.238853606,23.59107696,91.96838849,0.054795987
BAT0051,3.047937568,1.224771295,18.27774744,93.56538117,0.056442036
BAT0052,3.434752188,1.757345632,20.40674027,91.46099825,0.057335996
BAT0053,3.991668374,1.042105669,19.97929617,91.26146115,0.057177939
BAT0054,3.841798922,1.789692012,21.16101217,93.20380297,0.055272244
BAT0055,3.551212387,1.110207201,24.82657556,93.22127709,0.052991955
BAT0056,3.066121842,0.992349659,26.17107366,94.24001967,0.053602127
BAT0057,3.512273673,1.180984867,32.75250246,93.17469577,0.056245267
BAT0058,3.562829928,1.643670438,20.0082298,92.78146658,0.056484451
BAT0059,4.114266639,0.689003042,29.92161199,91.8267656,0.053702641
BAT0060,3.769303324,0.794628824,23.93005578,94.33290139,0.056089139
BAT0061,3.3739835,1.927167238,24.75268145,93.58164274,0.057362449
BAT0062,3.630381917,0.763237441,28.37409746,91.39937748,0.053897547
BAT0063,3.079266369,1.351590977,19.38638989,92.75387178,0.058509994
BAT0064,4.167081883,1.3689717,26.91204873,92.65731256,0.055644938
BAT0065,3.432071882,1.234436693,25.83226104,92.15257085,0.059015226
BAT0066,3.573440826,1.467117873,27.46225632,93.16442394,0.055533095
BAT0067,3.426340769,0.844740089,26.44584322,93.25738269,0.054646749
BAT0068,3.819014076,1.328993402,37.2765007,91.92091997,0.055883726
BAT0069,3.79467859,1.058259883,21.81130008,92.11798473,0.056709704
BAT0070,3.858386773,1.492500889,22.34501522,93.79505349,0.05622304
BAT0071,3.321771876,0.711835315,21.88429737,93.26781528,0.056667997
BAT0072,3.378802177,1.356316125,22.2226144,92.28797659,0.05786793
BAT0073,3.150301477,0.777905533,21.81306436,90.60454035,0.056957641
BAT0074,3.786611966,0.917964595,30.94508266,92.33344462,0.057267775
BAT0075,3.047756553,0.8280647,32.10252124,92.62594448,0.054081547
BAT0076,3.717218803,0.77425667,22.14626853,89.33064831,0.058383396
BAT0077,4.043635062,1.738566427,20.83822213,92.2197943,0.057521593
BAT0078,4.068998578,0.928561351,27.35707778,91.45509748,0.061020586
BAT0079,3.538845312,1.890685673,22.23888478,91.61053864,0.05602087
BAT0080,3.551164426,1.954889788,28.16465909,90.75273366,0.054383409
BAT0081,3.09236302,1.356890705,26.0146151,91.56858423,0.059336137
BAT0082,3.804918031,0.714501684,17.42127943,93.2989245,0.058893054
BAT0083,3.985511304,1.061822365,32.73752601,91.07372218,0.056283134
BAT0084,3.293586066,1.696598395,33.97938837,92.35181061,0.055340502
BAT0085,3.505561058,1.051086093,21.93605655,90.83993701,0.061574793
BAT0086,4.006607204,0.630525827,23.0614922,92.37936293,0.061428221
BAT0087,4.052544561,1.335177366,26.42932695,91.43940577,0.053725086
BAT0088,3.291815976,1.767681277,26.67228395,91.69680011,0.057883554
BAT0089,3.660684761,1.693889581,28.29272136,91.28219996,0.062228384
BAT0090,3.230991781,0.76268471,35.05102269,91.83008983,0.058047875
BAT0091,3.122254517,1.509146922,24.11526386,88.72057073,0.058118776
BAT0092,4.093344602,0.830756395,21.00851378,89.95408232,0.058634481
BAT0093,3.984609005,0.827311302,18.10340386,91.80536469,0.057058206
BAT0094,3.912041882,1.81110766,21.3453498,89.13760602,0.055990449
BAT0095,3.058519583,0.874503429,24.83436514,90.63066865,0.061605095
BAT0096,4.012474551,0.89487102,33.97278932,90.87847019,0.055914126
BAT0097,3.525652891,0.500980086,22.4119435,90.331784,0.060194543
BAT0098,3.410874148,1.806003551,26.11893976,90.22036454,0.061573159
BAT0099,3.655771633,1.68889222,24.91788552,91.17601868,0.056997547
BAT0100,3.109623891,1.440993403,30.94196637,91.77494957,0.058151463
BAT0101,3.907975859,1.625398646,37.63466213,89.61194964,0.062526358
BAT0102,3.698922092,0.728072851,22.34565614,90.34801882,0.061265783
BAT0103,3.223908116,1.187485392,22.55280279,90.09902116,0.059065429
BAT0104,3.22587864,1.026829081,30.22080439,88.22901892,0.062804498
BAT0105,3.221098382,0.640664789,28.40945745,90.8244841,0.062913071
BAT0106,3.068402865,1.229195728,34.23353663,91.39980274,0.061138105
BAT0107,3.705358139,1.881109476,27.91964093,91.50057701,0.05889968
BAT0108,4.008417813,0.560088679,23.20353955,89.79746659,0.059973103
BAT0109,3.020997857,0.93719137,27.95327415,89.24181575,0.061472773
BAT0110,3.058805574,0.811311404,30.5435179,90.43399698,0.06062281
BAT0111,3.687324332,0.85721998,29.10241091,91.2240977,0.062977914
BAT0112,3.983394822,1.862651828,27.53637016,90.43875827,0.058140452
BAT0113,3.392086669,1.202103581,30.33337345,90.54173642,0.058311473
BAT0114,3.419537279,1.199449119,30.84647795,91.3427765,0.061761742
BAT0115,3.715615797,1.640863464,31.91079496,89.35499115,0.060516911
BAT0116,3.329055467,0.731738306,28.24354944,89.99712274,0.060345903
BAT0117,3.031930039,1.230898031,24.1644096,91.84216895,0.058163887
BAT0118,3.882274222,1.144977821,25.73356843,89.94685943,0.061839092
BAT0119,3.750779896,1.395366036,31.03254483,88.70430642,0.06179449
BAT0120,3.696907199,1.999336555,20.91532165,89.40331724,0.063306958
BAT0121,3.890020955,1.654173341,26.84336654,89.0096213,0.062237812
BAT0122,3.810277005,1.096798555,23.03330594,90.39616321,0.061934792
BAT0123,3.247058386,1.741329578,25.14372411,88.9957399,0.064654001
BAT0124,3.422977256,0.756062545,31.39225931,90.09571045,0.059775065
BAT0125,3.15133217,0.545695529,25.95549534,89.17790046,0.063572778
BAT0126,3.155828416,0.806672559,25.23218274,87.73855606,0.059257706
BAT0127,3.811434896,1.010617334,18.2007193,90.24847111,0.061023276
BAT0128,4.030320128,1.265871136,28.73126783,89.81394088,0.060374686
BAT0129,4.155279101,1.422693711,28.22742091,90.13747099,0.064463885
BAT0130,3.754016541,1.865908576,35.81627362,88.71054654,0.06286918
BAT0131,3.220921588,1.264781014,23.46110883,88.87120113,0.063072994
BAT0132,3.126780415,1.251913467,26.09575164,89.96087766,0.060986534
BAT0133,3.975421166,0.575364515,26.24691842,91.10320761,0.062700613
BAT0134,3.694507772,0.552367329,32.8872664,89.42506774,0.061873069
BAT0135,3.741942025,1.326739943,24.52352234,89.88861357,0.06426691
BAT0136,3.937754507,1.15726792,26.39510763,89.08231854,0.061617818
BAT0137,3.843932673,1.758770592,28.03948255,87.72767028,0.066359589
BAT0138,4.001349903,0.741019377,25.93304562,90.34313551,0.060448839
BAT0139,3.067456687,0.537457493,22.76783193,90.32835031,0.06228696
BAT0140,3.897024764,1.173558152,25.97044996,89.96368431,0.067354401
BAT0141,4.021023309,0.856217835,30.36815875,88.97544751,0.063229723
BAT0142,3.343362051,0.57442156,19.8674235,89.95341144,0.061570243
BAT0143,3.768536729,1.58689743,25.66484837,89.99375344,0.064738143
BAT0144,3.376994477,0.6673895,21.49939593,90.85630601,0.063449216
BAT0145,4.14956528,1.41247925,30.97523314,89.92160611,0.062828259
BAT0146,3.040108287,0.921574625,17.38406548,89.27883517,0.062408258
BAT0147,3.695751413,0.760244076,22.20539076,87.78754825,0.070236747
BAT0148,3.199804256,1.069627284,26.88605938,89.08804917,0.064296896
BAT0149,3.854664246,1.702168664,32.82762015,88.96808324,0.061048865
BAT0150,3.21106834,1.088140365,24.67124869,89.60632467,0.06798742
BAT0151,3.282459914,1.626154474,22.22400237,90.20764676,0.066322142
BAT0152,3.593244973,0.688229445,34.40578535,88.57013467,0.063667067
BAT0153,4.09780194,1.659157129,17.7599305,90.96352633,0.063433762
BAT0154,3.254057247,0.855399987,14.00597022,87.22019215,0.066746946
BAT0155,3.173088025,1.516089695,27.20007225,89.03040989,0.065006163
BAT0156,3.910772198,1.348672332,22.48972888,87.88509015,0.061748044
BAT0157,3.600743439,1.893717076,19.89383591,86.73544922,0.06927448
BAT0158,4.094142135,1.080983777,28.54178224,88.31091124,0.064932019
BAT0159,3.175937469,0.599247783,26.21900357,87.11189412,0.068891143
BAT0160,3.775113472,0.528733228,22.17960685,88.45728174,0.06855687
BAT0161,3.279454975,1.740287841,18.59847801,88.56580017,0.064097981
BAT0162,3.188112514,1.287103456,29.36228664,89.4415189,0.06826638
BAT0163,3.820115298,1.662866078,28.25100589,86.76199553,0.064997115
BAT0164,3.712421544,0.8516384,24.50412068,89.29608903,0.062666599
BAT0165,3.90579295,1.017625618,34.23318498,88.23659536,0.065650804
BAT0166,3.371355092,0.545155808,19.64957617,89.46838202,0.067395275
BAT0167,3.537565988,1.942238487,17.37237415,87.87576343,0.065774527
BAT0168,3.486566012,1.50180186,21.54045965,86.89814454,0.066185903
BAT0169,4.180907357,1.899807632,24.77206992,86.87069566,0.069187132
BAT0170,3.350698748,0.898244611,26.21669725,86.82993545,0.067212988
BAT0171,3.353780686,1.417195417,23.79381971,88.55844868,0.065413403
BAT0172,3.425457851,1.517749952,26.76027698,89.45054557,0.068604061
BAT0173,3.677512898,0.97632455,18.74230288,87.58559162,0.067695351
BAT0174,3.302787293,1.772163853,32.21882302,88.39302514,0.06235679
BAT0175,4.098347928,1.920742194,24.58924411,86.34068552,0.068356706
BAT0176,3.318822678,1.827282677,30.58647916,87.89639653,0.068383657
BAT0177,4.074978878,1.608600464,26.71362673,88.44655162,0.067740242
BAT0178,3.124170076,0.91619702,27.2837661,86.35033176,0.069583401
BAT0179,3.787875243,0.922424063,27.8488364,87.54531998,0.066555213
BAT0180,4.088382622,1.945040481,27.2385428,88.33777646,0.068673
BAT0181,3.202499326,0.515426744,28.2136138,84.77430041,0.064966081
BAT0182,4.161992352,1.57407496,31.64576265,88.83180783,0.069014181
BAT0183,3.543460032,1.559369244,25.98260585,87.92759864,0.072206119
BAT0184,4.13485813,1.434034311,28.54501879,88.2148018,0.066410287
BAT0185,3.812184052,1.985163269,24.55132153,87.073024,0.066980396
BAT0186,3.361904244,0.967819154,32.20058608,85.67471604,0.067179969
BAT0187,3.22596303,1.009957796,21.61803849,88.1019223,0.068959996
BAT0188,3.364482055,0.618409104,34.00470216,87.23971157,0.066673927
BAT0189,3.111620891,1.164197205,24.79921025,87.44700616,0.069742495
BAT0190,3.17264156,0.891572789,17.84612449,88.63191607,0.07069368
BAT0191,3.125592528,1.015080053,25.64052207,88.10126457,0.070168694
BAT0192,3.507532252,1.751857685,21.59474171,89.23084193,0.065663169
BAT0193,3.954694052,1.90322677,29.20321774,87.25935361,0.071290335
BAT0194,3.169660265,0.778599608,21.7368801,86.63931266,0.071274735
BAT0195,3.15638452,1.058763397,22.76908283,87.05671867,0.071160323
BAT0196,3.772114739,1.892945843,15.55229635,87.68502146,0.070345684
BAT0197,3.236619578,0.592712691,22.7384684,88.23485347,0.070140379
BAT0198,3.117132046,0.638540792,12.88060337,85.90791004,0.071864779
BAT0199,3.200218294,0.744186484,17.08048588,87.25232515,0.073747027
BAT0200,4.108477675,1.392819251,28.80207328,88.51747283,0.068093919
BAT0201,3.985765503,0.725708407,28.92900079,86.69536605,0.072256251
BAT0202,3.424877475,1.952114572,27.12728781,87.74348388,0.070027566
BAT0203,3.786984921,1.170071791,20.16511928,87.48657258,0.070040654
BAT0204,3.644730808,1.252276941,24.76144322,87.81273567,0.067326939
BAT0205,3.812549116,0.869987924,24.9819873,86.04453084,0.069930421
BAT0206,3.819205383,1.206440379,19.20817655,86.09434998,0.06860547
BAT0207,3.754480818,1.492870449,32.51699151,86.58886424,0.069772291
BAT0208,3.319321642,1.626765705,29.38681145,85.04927505,0.068603627
BAT0209,3.046807705,1.630802124,23.89517913,86.38490576,0.070002183
BAT0210,3.546680138,1.366836669,25.13442919,86.87288493,0.070187779
BAT0211,4.069168662,1.856539662,26.04191404,88.30130379,0.07129351
BAT0212,3.68339671,1.726111771,14.79132566,87.12125011,0.0679705
BAT0213,3.99886925,1.635572172,23.76411309,87.13719678,0.068408964
BAT0214,4.189949212,0.583408283,21.59007876,87.78900814,0.072123829
BAT0215,3.196339445,0.510316943,19.99189995,85.66304277,0.069905124
BAT0216,3.830133167,0.818670916,23.59449854,86.32365389,0.07374906
BAT0217,3.809152288,1.495285391,33.98843263,88.60256052,0.072150539
BAT0218,4.175946537,1.116796233,28.20421431,86.21553817,0.073013524
BAT0219,4.182720881,1.103609389,22.14410505,87.49761862,0.074721385
BAT0220,3.824014334,1.826880332,27.86291391,87.12225626,0.071380578
BAT0221,3.29233775,1.843344272,31.99677718,84.56014174,0.070951027
BAT0222,3.958267006,1.863762896,29.62316841,86.35825247,0.073943405
BAT0223,3.128434961,0.970817115,25.29815185,86.33442945,0.073319027
BAT0224,3.936839165,1.536583719,21.76531611,86.49586091,0.072025339
BAT0225,4.092235349,0.907449772,28.49111657,85.30435311,0.075282916
BAT0226,3.459400074,0.78591475,26.96742693,84.94836521,0.072175511
BAT0227,3.756762354,0.776948686,29.4759661,85.50421791,0.072765547
BAT0228,3.516171279,1.013161431,28.17585901,85.84905646,0.072842445
BAT0229,3.525318066,1.14493643,30.24776358,87.04148807,0.071030812
BAT0230,3.372445067,1.746423757,22.32382394,87.73643713,0.073155171
BAT0231,3.914555545,0.67983664,31.58697033,87.20143723,0.07589352
BAT0232,4.123411877,1.602388771,25.98799802,86.64909055,0.074089937
BAT0233,4.128901031,1.297182371,35.37630436,84.59168555,0.073362127
BAT0234,3.209737542,0.931918014,21.55406091,85.46449092,0.073076465
BAT0235,4.04969238,1.239229377,33.67981902,85.77448066,0.074161734
BAT0236,3.88491773,0.949913105,25.98955392,85.07928992,0.075099533
BAT0237,3.303404881,1.394122933,21.74290998,86.29390736,0.074918478
BAT0238,3.080741536,1.150765884,22.58057083,86.40925437,0.07313627
BAT0239,3.32159672,0.746608294,23.39826346,86.21362734,0.074549563
BAT0240,4.094649884,0.674874612,27.12082973,86.59972387,0.074959879
BAT0241,3.75981441,1.320043523,27.61417744,84.5601668,0.07208561
BAT0242,3.865265593,1.85361955,22.13149998,86.41845772,0.074536461
BAT0243,3.308582821,1.01593653,24.87822704,84.78341466,0.069977392
BAT0244,3.863265787,1.599500161,35.71135179,84.22772473,0.075365067
BAT0245,3.033745808,1.487992032,33.63771585,85.7180417,0.075820686
BAT0246,3.450385615,1.897332371,27.18161835,86.45465014,0.076095092
BAT0247,3.752104018,1.731471526,25.19001739,85.74789282,0.073909906
BAT0248,3.175315879,1.349907888,25.60015663,85.27534298,0.075418094
BAT0249,3.987604289,1.485545747,28.06758986,85.46650759,0.077747908
BAT0250,3.282037559,1.8475797,19.88603717,85.38495665,0.077827539
BAT0251,3.782737335,1.099278177,23.71311731,84.08563657,0.075041655
BAT0252,3.486236571,0.990192059,16.65707963,84.0857866,0.075478639
BAT0253,3.715252315,0.516216625,26.99611561,85.05500815,0.077521822
BAT0254,3.128940663,1.739826611,28.2359797,85.03136343,0.072398396
BAT0255,3.02029536,1.701471051,22.58406769,85.04456385,0.074853849
BAT0256,4.091477313,0.656681777,32.86993382,85.57296585,0.078271141
BAT0257,3.323556011,1.365286072,18.87117168,84.85539341,0.077650401
BAT0258,3.983612403,1.195972547,17.6781256,85.63955242,0.076538528
BAT0259,4.199220361,0.678063643,26.12225909,84.77982514,0.072888335
BAT0260,3.25371751,1.970852341,30.23549151,86.50117726,0.07590018
BAT0261,3.318204889,0.822043831,33.41963846,84.77469916,0.074920169
BAT0262,3.795431745,0.60085127,22.70557869,87.23609688,0.076862078
BAT0263,4.158538362,1.392271069,30.39340417,84.97949478,0.074681307
BAT0264,4.098977218,1.608300016,24.80745765,84.46894834,0.074348553
BAT0265,3.603450624,0.548665169,24.1368635,83.86759791,0.072370269
BAT0266,3.954132339,1.488076458,29.41829969,83.08965107,0.079043609
BAT0267,3.162895024,1.298437814,28.26161439,83.548277,0.075900459
BAT0268,4.172925821,0.654897513,17.11803922,83.91243888,0.077114292
BAT0269,4.157223881,0.758785815,32.38270175,84.83630169,0.076895524
BAT0270,3.196474749,1.351961446,31.90045677,83.83078024,0.074865132
BAT0271,3.35930775,0.94453642,21.87218649,84.75033509,0.07458187
BAT0272,3.120185997,1.907473593,26.97901767,85.61212836,0.07518937
BAT0273,3.326061119,1.728110344,27.47015093,84.21564526,0.075853663
BAT0274,3.979146947,1.97535081,26.30336883,86.34642938,0.078133212
BAT0275,3.453978729,0.889506258,22.24847423,83.24636892,0.075908565
BAT0276,3.106076361,1.954585449,21.64188316,84.14246239,0.081092981
BAT0277,3.41067063,1.146850805,24.87222965,83.73515884,0.079754302
BAT0278,4.177660001,1.021278193,30.8636451,85.06898363,0.079416719
BAT0279,3.755620314,0.57552429,27.71800077,81.96546688,0.077660682
BAT0280,3.499393136,0.579147887,23.14692834,82.8185123,0.081028561
BAT0281,3.199846216,1.538016884,28.85849355,83.90948921,0.077663989
BAT0282,4.183412157,1.186893492,10.7572869,85.93069342,0.078137477
BAT0283,3.985018811,0.839782439,30.7438285,84.20549742,0.078639949
BAT0284,3.337772763,1.420955459,16.30143111,82.82421471,0.079803646
BAT0285,3.084082435,0.879287177,23.18779529,82.86042724,0.079773816
BAT0286,3.067950669,1.366447632,19.40165053,85.7229986,0.077649749
BAT0287,3.144453779,1.03881312,18.52659262,83.44456288,0.077634013
BAT0288,3.6969223,1.73532834,30.80413394,82.772972,0.080079806
BAT0289,4.114516105,1.731044241,22.66149399,85.32204494,0.080330473
BAT0290,3.596092114,1.216025597,26.73251941,84.79132217,0.078213298
BAT0291,4.011534579,1.026228664,24.76539711,85.07809392,0.075925624
BAT0292,3.535063944,1.043839695,27.38520414,82.76533755,0.078785368
BAT0293,3.850300255,1.708571789,25.38410946,82.1293402,0.080547052
BAT0294,3.878247285,0.992269224,18.58503888,83.96075694,0.083010834
BAT0295,3.208756447,0.813589061,29.9813341,83.91820676,0.077104084
BAT0296,3.433459271,0.627032513,22.53121708,84.0809035,0.078746857
BAT0297,3.764762588,1.200039681,17.21709051,85.20904544,0.078921193
BAT0298,3.08483593,1.223198148,22.8594242,81.8475247,0.082511611
BAT0299,3.433848225,1.761363066,32.50379895,84.15989037,0.079830117
BAT0300,3.64175936,0.831858045,29.25110871,82.32719672,0.078185347
BAT0301,4.195469392,1.071486911,23.25673933,84.34111824,0.081217391
BAT0302,3.569440275,1.712608608,23.25371148,82.91202569,0.079390723
BAT0303,3.979268109,1.735435416,23.39182474,82.53363106,0.077851225
BAT0304,3.518480742,1.076916614,35.38373992,82.52939337,0.078614453
BAT0305,3.955668867,1.188686035,26.90967726,81.81768397,0.083968084
BAT0306,3.714497762,0.954928836,27.15020824,83.28799605,0.081368418
BAT0307,4.06391453,1.898832318,30.15141727,82.28620099,0.08091552
BAT0308,3.493131063,0.677965649,26.1939458,84.01214437,0.080300213
BAT0309,3.725165304,1.900624135,23.70478927,83.75916894,0.081484298
BAT0310,3.756022417,1.525799678,24.01825075,84.80424626,0.081560472
BAT0311,3.50085953,1.297358229,24.6419937,83.45856271,0.081684338
BAT0312,3.173174452,0.548988591,24.81388882,83.6501023,0.08142969
BAT0313,3.112271288,1.213394288,28.63814772,84.35240228,0.083037597
BAT0314,3.020005861,1.111622158,25.25972943,82.36820236,0.081446209
BAT0315,4.048241117,0.741828218,28.66320039,81.4423471,0.079544122
BAT0316,3.283769895,1.484614405,24.5964171,83.10359987,0.080375154
BAT0317,3.253808099,1.956726361,25.39317595,81.38358251,0.077741963
BAT0318,3.883242481,1.343283217,15.00899658,85.49505211,0.085853634
BAT0319,3.384019336,1.572129915,29.58163837,84.1481567,0.083625509
BAT0320,3.607253631,0.602675679,26.73244238,84.97645941,0.080339859
BAT0321,3.195013278,1.126500494,29.99005055,82.7233035,0.08153631
BAT0322,4.151694866,0.674537728,10.51872311,83.61197373,0.080926247
BAT0323,4.02189768,1.419193753,35.44187352,81.99492948,0.085385094
BAT0324,4.036547548,1.907723237,24.30205186,83.47721913,0.079560246
BAT0325,3.488128498,1.492666599,30.54091408,81.26143791,0.082728952
BAT0326,3.914833456,0.615204572,19.80047036,80.20241376,0.082382944
BAT0327,3.172651386,1.031999307,28.06386953,81.71383194,0.084353677
BAT0328,3.010342803,1.325995069,19.73292218,81.15228374,0.082591982
BAT0329,3.023967519,1.104811634,21.8811552,84.03084508,0.079383582
BAT0330,3.703922085,1.750466016,34.57015677,84.01626985,0.082497764
BAT0331,3.546473886,1.722006507,24.046588,80.97701218,0.081155676
BAT0332,3.621618419,1.41774653,26.08716437,83.6273148,0.083359159
BAT0333,3.008955769,1.060186918,29.35033865,83.22353198,0.086168354
BAT0334,3.507223944,0.883004561,27.47840944,80.72359425,0.07992115
BAT0335,3.861681793,0.658811477,25.75209453,81.92612785,0.081899555
BAT0336,3.531232442,1.032346525,26.82480501,81.64351445,0.082494614
BAT0337,3.878663048,1.119758776,37.01707793,82.72518896,0.082936738
BAT0338,3.279622757,1.513734388,24.71190601,80.92123369,0.085280251
BAT0339,3.975770405,1.487239736,26.00549523,81.99404314,0.083552911
BAT0340,3.706117489,0.605162209,30.25327198,81.3763699,0.084831605
BAT0341,3.252915719,1.092888973,30.52762966,82.4475335,0.082848454
BAT0342,3.284064571,0.772668301,30.93515153,81.7474309,0.084659849
BAT0343,3.753636557,0.735219058,28.19365111,81.45372232,0.085855595
BAT0344,3.995927512,1.740953225,19.28497544,81.81945283,0.082935401
BAT0345,3.498753338,0.562872825,33.16715766,83.87514897,0.086062716
BAT0346,3.309960515,1.128774314,19.26827303,81.60979737,0.084704746
BAT0347,4.040413928,0.752305484,26.51317733,80.84465484,0.08679092
BAT0348,3.80312195,1.818995324,21.22862075,82.43434089,0.08439716
BAT0349,3.537702585,1.33556077,24.67930827,81.65294827,0.085662489
BAT0350,3.585480234,0.847070955,26.64381205,80.35704457,0.084918788
BAT0351,3.245107762,1.253640931,26.60678608,83.93011569,0.084907575
BAT0352,3.752163156,1.59722954,27.10960377,81.26799314,0.085717861
BAT0353,3.430491013,1.937177013,33.06855635,81.05570734,0.086373615
BAT0354,4.194774212,0.830669006,27.26767151,81.78636965,0.08290087
BAT0355,3.576220218,1.829272658,23.77921682,83.29285924,0.088367267
BAT0356,3.583062727,1.901456171,29.82043584,79.72126424,0.081880674
BAT0357,3.679022145,1.874630817,30.94735244,81.62345977,0.084330376
BAT0358,4.100107204,1.453121535,18.86196092,83.68493525,0.085611462
BAT0359,3.96098172,1.444730982,27.98700035,81.51107065,0.086724712
BAT0360,3.541356084,1.10481595,28.50586371,80.136973,0.089152345
BAT0361,3.862439119,1.628596823,23.51218248,80.76776653,0.082383417
BAT0362,3.703482599,1.296941028,31.87853407,81.42525536,0.085184612
BAT0363,3.590840458,1.516157107,24.24972206,82.64621226,0.082046333
BAT0364,3.230778927,1.142686856,25.62788227,80.95224714,0.086463244
BAT0365,3.556723516,1.597244696,24.13464088,82.06904452,0.087043367
BAT0366,3.294982304,1.736707276,25.07789524,79.74062306,0.089781591
BAT0367,4.09781058,0.719654385,19.51862457,79.9115845,0.08694127
BAT0368,3.402488176,1.749394573,17.79974559,80.77033573,0.08888805
BAT0369,4.142716817,1.310444798,32.97252532,82.39804418,0.088067674
BAT0370,3.639666348,1.766998864,20.76519326,81.1938306,0.086129504
BAT0371,3.757853254,1.14695256,20.04303825,81.45767371,0.084282079
BAT0372,3.651528533,1.068560728,14.23304943,81.5364494,0.087750005
BAT0373,3.15525674,1.872591099,21.80519126,82.10220969,0.084315796
BAT0374,3.450985463,0.876753901,18.38455103,80.51726473,0.089990414
BAT0375,3.118975335,1.766318488,33.2100758,81.39680012,0.087175876
BAT0376,3.747544853,1.226030859,30.04908545,79.96138677,0.089990355
BAT0377,3.536249034,1.271143164,21.55924827,82.90734271,0.086739571
BAT0378,3.933581966,0.962702422,36.26217903,79.82698872,0.088337702
BAT0379,3.264564577,1.359563301,29.90882743,79.79890494,0.088318698
BAT0380,3.19747927,0.987816794,23.37584308,81.36534098,0.087909912
BAT0381,3.487598677,0.558904121,12.50297143,81.12235994,0.087234681
BAT0382,4.11190246,0.907997908,36.45471286,80.82204037,0.088984912
BAT0383,3.852506178,0.509568565,18.05213767,81.09696582,0.086447673
BAT0384,3.50270835,1.967532181,16.77300627,79.62562464,0.085981129
BAT0385,3.620726604,1.948620815,30.11285216,82.03105742,0.090985654
BAT0386,3.101055613,1.092732946,37.19876203,81.22170754,0.090054336
BAT0387,4.181491076,1.592556282,31.92136409,81.70928595,0.088831783
BAT0388,3.799688766,1.018709148,27.8195456,79.92803997,0.092130285
BAT0389,3.342484882,1.506639736,27.97377171,80.78763929,0.088364469
BAT0390,3.702970073,1.708145065,29.26707779,80.48909868,0.091645406
BAT0391,3.131378839,1.920134367,28.79464295,81.37462233,0.089451148
BAT0392,4.159004003,1.100318414,26.40595712,81.50327144,0.087150498
BAT0393,3.209741985,1.674946974,25.52100552,80.46296709,0.09299608
BAT0394,3.777636382,0.898892676,24.68703436,78.81291528,0.091381422
BAT0395,3.294545355,1.985498456,21.23017706,82.03767858,0.089257958
BAT0396,3.861073659,0.538654398,23.59662462,80.87804168,0.091054343
BAT0397,3.932185641,1.40529321,16.53521593,79.73487195,0.088892593
BAT0398,3.808103675,1.489258972,24.50830187,80.54869158,0.091458298
BAT0399,3.737399352,1.532068336,20.05704446,78.68250712,0.085117843
BAT0400,4.070962913,0.680581368,19.48205341,81.31231749,0.087960397
BAT0401,3.094352053,1.907794675,25.89947076,78.50140642,0.092058519
BAT0402,3.397097719,0.771774919,31.96001143,79.7109064,0.089700689
BAT0403,3.297944976,1.434130105,29.59158303,80.12406805,0.090715085
BAT0404,4.185616754,0.834014119,17.14749698,81.19409435,0.087706429
BAT0405,3.467267736,0.960824626,20.05185932,80.15778676,0.094195734
BAT0406,3.879135239,1.319687813,29.70385594,80.42404242,0.092981059
BAT0407,3.821670197,1.125790128,20.08756303,79.93939993,0.09029863
BAT0408,3.254497485,0.740338401,23.87683425,79.8649202,0.089990608
BAT0409,3.286797216,0.756404604,27.7502605,79.87029569,0.092959209
BAT0410,3.337541476,1.127217182,20.15827773,79.67731417,0.094964941
BAT0411,3.493352734,1.635924467,25.52687753,77.98836217,0.093007521
BAT0412,3.281190079,1.84694697,18.32987253,78.99625756,0.095543605
BAT0413,3.023581779,0.626191493,21.99316178,80.02498417,0.089455297
BAT0414,4.055271668,1.089655861,26.59890967,79.35945311,0.089761226
BAT0415,4.158731798,0.650368346,17.03503133,79.65480517,0.089122118
BAT0416,3.409884464,0.524888721,27.20237369,79.26330312,0.092483521
BAT0417,3.406208255,1.492578024,24.90181101,78.63914971,0.092051207
BAT0418,3.008510175,1.403674163,27.76244977,78.92818277,0.091496098
BAT0419,3.816300826,0.744528671,26.11957067,79.18008663,0.093518517
BAT0420,3.990527875,0.85071925,31.82070215,79.3342913,0.094464657
BAT0421,3.17592996,0.53556163,25.62612251,79.84481275,0.089048675
BAT0422,3.191599619,1.752420809,22.85297229,79.17154747,0.091006056
BAT0423,3.9480999,1.962035894,25.61148752,78.21320433,0.093940287
BAT0424,3.739548898,0.703189305,27.71649015,77.8954631,0.091464523
BAT0425,3.053832669,0.847212821,25.24430035,81.89293202,0.090903588
BAT0426,3.747056389,1.802614286,25.20295846,78.03788196,0.094637075
BAT0427,3.370701267,1.889695697,21.49004156,78.68154488,0.090121
BAT0428,3.442470187,1.129441074,21.68549541,79.75621645,0.09219684
BAT0429,3.923677702,0.575933708,17.98697364,79.69633495,0.093557288
BAT0430,3.973122231,0.559087751,33.74788372,79.50975057,0.09185236
BAT0431,3.480427952,1.360924799,18.78068382,78.73227932,0.094666311
BAT0432,4.136583523,1.089342663,21.53547401,79.35257515,0.092062246
BAT0433,3.487755262,0.542978641,21.40796367,79.19951264,0.096117239
BAT0434,3.926203242,1.374878588,29.47462188,78.54848672,0.093148507
BAT0435,3.580652717,0.516953805,23.52525161,79.27778694,0.09484254
BAT0436,4.077038792,1.681057937,31.23871036,79.7840493,0.095092048
BAT0437,4.089313492,0.959649234,21.63254688,78.9377407,0.09244492
BAT0438,3.104900169,0.560387005,26.39497081,78.85607141,0.089693027
BAT0439,4.123791998,1.382528331,20.82326473,79.93600631,0.094621512
BAT0440,3.99064181,1.096526622,35.72574564,79.5267697,0.094144577
BAT0441,3.949572857,1.96070062,19.0620079,80.36322341,0.095211652
BAT0442,3.241093608,1.316297994,26.54910355,76.9047821,0.093746945
BAT0443,3.966143051,0.912858772,28.1688844,79.54111354,0.093439145
BAT0444,4.020159282,1.564158297,27.06899549,79.16148261,0.098416946
BAT0445,3.346980401,0.907238004,24.07356171,77.76689791,0.091555292
BAT0446,4.142712094,1.856364937,24.3508965,78.77073248,0.096067901
BAT0447,3.059832176,1.062082956,25.21905736,79.59939152,0.093550796
BAT0448,3.179891104,1.324802844,24.26498999,77.67898699,0.094128443
BAT0449,3.645097366,0.575859656,29.81939558,78.88158786,0.094265794
BAT0450,3.690950965,1.139181857,36.05261501,79.0964623,0.093393131
BAT0451,3.7741801,1.748545309,22.21254107,77.33704047,0.096242448
BAT0452,3.020362955,1.708473208,18.1509851,78.31810539,0.097981287
BAT0453,4.15244013,0.836477838,24.55858976,78.68750602,0.096240027
BAT0454,3.053505711,0.839118607,37.89854669,77.29044843,0.095606764
BAT0455,3.171674343,1.725957968,20.98162716,77.42419305,0.093527119
BAT0456,3.016817421,1.89559763,33.19558403,77.87417674,0.096633651
BAT0457,3.68023012,0.643041382,33.38850407,78.89938276,0.100012699
BAT0458,4.118720261,1.175087959,22.23205879,78.87853206,0.095038611
BAT0459,3.799136599,1.006181418,27.8449154,77.24515585,0.095148033
BAT0460,3.987188962,1.806032683,33.14198312,78.5399532,0.094877822
BAT0461,3.015937444,0.625287372,23.1043613,77.33782192,0.095121172
BAT0462,3.650418358,0.816688914,23.9820982,76.49405258,0.090709401
BAT0463,3.551475573,1.628702506,22.09159543,77.66084921,0.097110071
BAT0464,3.598761533,0.576940773,19.92621635,79.26661373,0.094708896
BAT0465,3.086655822,1.238803071,21.75361227,78.66404467,0.093279474
BAT0466,3.821322433,1.163160552,18.88029867,78.0387228,0.09810638
BAT0467,3.603864498,1.001601768,25.17041734,77.48112862,0.094535964
BAT0468,3.91817862,1.091858473,21.15013384,77.54664397,0.096122662
BAT0469,3.582348761,1.29491088,26.16892956,77.89170784,0.099832885
BAT0470,3.179257963,0.742051038,17.22052177,76.91594352,0.094181568
BAT0471,3.777908345,1.357993817,26.65440116,77.35321167,0.094034804
BAT0472,3.206863635,1.708148494,29.16764481,77.36768498,0.097738612
BAT0473,4.046873476,1.640241395,15.03132179,76.48891881,0.099598975
BAT0474,3.735739487,0.730849857,26.87028285,76.82293246,0.094251317
BAT0475,3.18864466,0.723874205,31.13834496,77.95445716,0.098315379
BAT0476,4.154805669,0.902261552,18.95179491,77.74659362,0.098761999
BAT0477,3.622038556,1.04161209,33.36286193,77.09340852,0.093581679
BAT0478,3.087478142,1.112683372,27.09509505,76.57624177,0.099397003
BAT0479,3.752199485,1.519545825,21.47494072,79.1034923,0.099653212
BAT0480,3.303838688,0.585020648,24.72115461,76.68445362,0.097376429
BAT0481,3.964432142,0.552009056,27.79163456,77.68318502,0.100604693
BAT0482,3.981386488,1.087865844,25.38002696,76.90564308,0.100472911
BAT0483,4.174736827,1.545745538,27.69377996,77.30500754,0.098506236
BAT0484,3.602243437,0.790153014,20.39663203,77.91512494,0.097497109
BAT0485,3.545948256,1.462256722,25.84680412,75.87833512,0.096554344
BAT0486,3.904170727,0.889742207,17.93142752,77.42483034,0.098524873
BAT0487,3.158964788,1.829129163,24.44386969,78.36528914,0.099839518
BAT0488,3.656298617,1.843534916,20.48046179,78.98119693,0.098151646
BAT0489,3.65549712,0.945930806,21.32235029,77.12991617,0.094504998
BAT0490,3.107367747,0.844990631,31.18046588,77.081861,0.101537428
BAT0491,3.501580903,1.116955958,30.4565506,79.206118,0.099480446
BAT0492,4.023941758,0.860797378,28.0456906,78.17087115,0.098440751
BAT0493,4.027384346,1.508575765,19.53843618,76.4913638,0.101014317
BAT0494,3.119085198,1.739097027,23.41795775,76.356362,0.102449277
BAT0495,3.108865059,1.509638196,31.0654885,77.76923519,0.093896177
BAT0496,3.315234572,1.736525671,25.70858457,75.85344829,0.100468527
BAT0497,4.049719275,1.095488243,36.5966477,77.76591034,0.096846702
BAT0498,3.154683102,0.734475456,26.9665892,77.20854699,0.100798221
BAT0499,3.863996163,1.606926421,25.96024558,77.29221584,0.100155854
BAT0500,3.121398744,1.040711758,23.45441768,76.59187083,0.101271453
BAT0501,3.747765424,1.506906238,25.66770452,76.09527142,0.099101505
BAT0502,3.427280759,0.905965913,24.23765082,78.24316615,0.09645352
BAT0503,3.946696756,0.621844452,28.54054338,76.44417753,0.099399264
BAT0504,3.280428539,1.988872693,29.78351158,76.08580992,0.101213695
BAT0505,3.767042195,0.734302262,21.0700527,76.68373168,0.102530785
BAT0506,3.282819041,1.982631491,18.34383523,76.85398498,0.098256337
BAT0507,3.85639234,1.965919899,15.81897313,75.64971391,0.102754121
BAT0508,4.048413641,1.690727156,27.53995663,75.87618004,0.099504255
BAT0509,3.152162159,1.489134443,19.48316697,75.97173249,0.1016249
BAT0510,4.039914826,1.366710575,14.23554704,77.51966267,0.099980212
BAT0511,3.712290305,1.799152318,26.94289302,75.45845677,0.101464341
BAT0512,3.152532589,0.934159282,37.46499759,74.43214177,0.102983755
BAT0513,3.513050226,1.201521819,24.96964544,74.41142393,0.098845972
BAT0514,3.193032352,1.429084954,29.19245387,74.76836893,0.100040188
BAT0515,3.840417467,1.116785714,25.40914679,77.67463135,0.101869925
BAT0516,3.910641761,1.141229681,24.50555173,76.31238021,0.106403167
BAT0517,3.126955824,0.995427001,29.59538241,76.67766423,0.099973621
BAT0518,3.607367823,1.346347725,23.54862728,76.76620869,0.105880268
BAT0519,3.977550067,1.775861792,26.33696157,76.15465445,0.105908847
BAT0520,4.12339565,0.802292567,26.60848903,76.08308814,0.101805378
BAT0521,3.61622144,1.901649558,21.65954773,77.15891637,0.101503695
BAT0522,4.140335068,1.533631481,29.96021175,76.09865659,0.10081587
BAT0523,3.642826765,1.734909819,24.12520122,77.41581755,0.102163595
BAT0524,3.473028594,1.334286039,21.2212742,76.70318274,0.099586561
BAT0525,4.017843754,1.669275052,27.68254922,75.2693287,0.102347522
BAT0526,3.591579253,0.524300596,20.50766009,75.61548751,0.105593761
BAT0527,3.566283013,1.727570637,25.14090579,75.13967089,0.10147783
BAT0528,3.588374987,0.560208289,24.95440502,77.17266075,0.102318551
BAT0529,4.016142002,1.834870065,30.42947783,75.28060964,0.099497719
BAT0530,3.99832985,1.987944121,27.37349116,74.9005203,0.103748124
BAT0531,3.484223991,0.941101193,24.87486521,76.14095279,0.103628963
BAT0532,3.399959832,0.815477834,29.0888315,75.61982014,0.103327405
BAT0533,3.590313629,1.648045046,31.95103775,75.83858903,0.102866346
BAT0534,3.687327012,0.879539511,27.78905153,77.56146343,0.102814484
BAT0535,3.286004653,1.798343575,25.0517631,76.51512903,0.1045038
BAT0536,3.952746102,0.654263888,18.44081884,75.84324354,0.103542367
BAT0537,3.583779319,0.688932795,19.67443168,74.34722292,0.104329944
BAT0538,3.400854658,1.968727333,23.47387648,75.01927248,0.104229966
BAT0539,3.128185192,1.510758347,21.95243899,76.27406827,0.106146855
BAT0540,3.286614192,1.770330837,24.06514349,74.29133584,0.105353988
BAT0541,4.139137406,0.986494066,25.28324962,77.62493928,0.104485724
BAT0542,3.366119624,1.514725624,27.64846377,75.36583314,0.107236844
BAT0543,3.202631147,1.391362741,24.64750611,75.4401999,0.105140537
BAT0544,3.55280735,1.40472518,27.43250822,74.63525396,0.107009925
BAT0545,3.368505292,1.523798689,25.32237207,75.79652065,0.105713885
BAT0546,3.0421911,1.36303876,15.12266717,74.32944395,0.100916162
BAT0547,3.387774261,1.143593554,20.30332303,77.53826693,0.10730967
BAT0548,3.652930349,0.913884042,24.27956222,76.60177337,0.105070352
BAT0549,3.662054846,1.652871996,18.95152629,76.26898635,0.10479609
BAT0550,3.427870705,0.839408645,27.99964365,73.76225516,0.105562697
BAT0551,3.536763308,1.538531459,32.65375416,75.16271754,0.104410034
BAT0552,4.158621502,0.849999234,31.09380926,76.23406171,0.105654058
BAT0553,3.452818173,1.437995255,23.93278565,75.6701248,0.104116248
BAT0554,3.309872176,1.620617401,32.45363068,73.85385869,0.107948545
BAT0555,3.292160453,0.828070833,25.74333729,74.38696634,0.105272824
BAT0556,3.549317535,0.589914951,23.31457014,74.62515092,0.104834832
BAT0557,3.911424178,0.696460614,21.93298668,74.45826661,0.103850148
BAT0558,3.247185821,1.408995451,23.48765157,76.45578099,0.106337552
BAT0559,3.851155353,1.774169609,23.05911591,72.94569103,0.106274214
BAT0560,3.025379788,0.567495232,25.85208111,75.55508434,0.106776849
BAT0561,3.502719574,1.601226889,25.80286991,73.47212997,0.104045496
BAT0562,3.931038078,1.011977969,25.0152301,73.8455208,0.102997638
BAT0563,3.406479547,1.217792555,27.18469085,72.70073364,0.107551183
BAT0564,3.676484522,1.893289325,30.95323137,73.98616163,0.109369284
BAT0565,3.245975079,0.997957257,29.74777068,76.12726379,0.104447293
BAT0566,3.890394469,1.198005401,17.57551016,75.07247454,0.109778883
BAT0567,3.062734924,0.520523622,12.23039433,73.7516211,0.107267822
BAT0568,4.023051174,0.62239808,29.67159956,75.5758047,0.106785874
BAT0569,3.237835664,0.887887387,18.16560651,75.96122222,0.106104903
BAT0570,4.049277638,0.541778361,23.87617299,74.72205805,0.104230964
BAT0571,3.42303509,1.447062989,19.14943487,76.62446511,0.109075457
BAT0572,3.867220289,1.139597535,15.99009781,75.47291546,0.105648787
BAT0573,3.383070357,1.322217804,27.70731364,75.04910361,0.105740387
BAT0574,4.087094005,0.761970779,28.7957758,73.56503796,0.109383853
BAT0575,3.151964551,0.943898044,22.117448,75.07890306,0.103734033
BAT0576,3.214223747,1.495736712,12.04478854,74.78228322,0.104552804
BAT0577,3.59163615,1.947954085,22.26877776,74.80334142,0.107663732
BAT0578,3.098326127,0.57562516,26.95902003,73.61008078,0.108386569
BAT0579,3.235176222,1.835576481,17.60544216,74.45157157,0.108869469
BAT0580,4.132519659,1.365321802,25.9167996,73.35514327,0.107396403
BAT0581,4.171787593,1.34587935,24.92345075,72.01442156,0.113160739
BAT0582,3.451511195,1.250417803,27.8964575,75.0776858,0.107744215
BAT0583,4.107943225,0.604091129,25.59790184,72.65534145,0.107838428
BAT0584,3.653789611,0.634815278,20.1346553,74.33885869,0.106806027
BAT0585,3.323690959,1.401368008,30.98285751,74.23880816,0.108747814
BAT0586,3.842878465,1.011437857,24.20735213,74.37462912,0.109829922
BAT0587,3.790682168,1.8759021,24.8634773,73.63317887,0.111107156
BAT0588,4.186950383,1.109885806,20.3336602,74.32243197,0.105821431
BAT0589,3.318056745,0.714922188,22.78358874,74.48045372,0.108408009
BAT0590,3.806471403,1.57207825,20.57598643,74.67066006,0.109893407
BAT0591,3.062428506,0.940030132,24.1352697,75.62893164,0.110274115
BAT0592,3.136375246,1.288205461,33.5585424,73.87418113,0.109213097
BAT0593,3.00470205,1.546749178,18.14049429,73.95432583,0.110384848
BAT0594,4.199352817,1.850396167,16.93219301,72.94513648,0.107782072
BAT0595,3.962728437,1.688286792,32.35585164,73.96334039,0.112615811
BAT0596,3.944067618,1.514541602,23.95338161,74.34799564,0.111585256
BAT0597,3.61167129,1.519449774,21.65463631,73.50159169,0.107010144
BAT0598,3.360080499,1.918886966,30.19952344,73.99546784,0.107649794
BAT0599,3.181517141,0.943736146,21.9719223,73.38821184,0.107806156
BAT0600,3.341609687,0.501668141,34.13004857,74.12057421,0.11135594
BAT0601,3.451165466,0.907931839,28.38962936,74.40417878,0.107530544
BAT0602,3.907572116,0.826837069,22.56044296,74.48271405,0.109537951
BAT0603,3.647594147,1.492751878,35.78654107,73.33863721,0.111209409
BAT0604,3.092980352,1.4505674,21.97142538,72.42916923,0.110267668
BAT0605,3.021634811,1.390192074,28.71047686,72.69630817,0.111017775
BAT0606,3.122798615,0.524365165,26.4964629,74.00207244,0.108468395
BAT0607,3.492598456,1.593167082,31.50870645,75.61643685,0.111889709
BAT0608,4.1198315,0.985295619,32.80755598,72.82955198,0.109573576
BAT0609,3.764882977,1.497583984,25.16002075,73.69567389,0.110250761
BAT0610,3.96219108,1.334867643,21.23291065,72.74644263,0.111475463
BAT0611,3.559649513,1.014096388,27.29986071,72.20711492,0.111306156
BAT0612,3.4339993,0.701864401,21.61142315,72.61761022,0.11124796
BAT0613,3.130080447,0.641628346,35.06693624,70.91622312,0.109798746
BAT0614,4.051119627,1.7472775,25.68267666,74.39710959,0.110800901
BAT0615,3.939792035,1.877596313,23.17339224,70.81856072,0.111504367
BAT0616,3.201741717,1.47468207,25.92340153,72.73802008,0.10884983
BAT0617,3.614712677,0.655151172,18.26436855,72.02672373,0.110774934
BAT0618,3.58484977,1.103040825,20.14192981,72.20600422,0.11257536
BAT0619,3.750109863,1.5934088,31.00206954,74.16854394,0.109345127
BAT0620,4.135424273,1.669731326,21.71552861,73.1390667,0.114313163
BAT0621,3.69572573,0.677327933,19.76544509,72.07872883,0.114639227
BAT0622,3.64826072,0.500046078,27.68326376,72.28186634,0.109709699
BAT0623,3.06038752,1.568205569,30.92852077,71.90207122,0.115015239
BAT0624,3.075488971,1.034894264,28.59476655,72.69190643,0.112112837
BAT0625,3.22481615,0.881721997,29.98023843,72.86384838,0.113337029
BAT0626,3.038964926,0.519346205,21.21602456,74.76595349,0.111606698
BAT0627,3.892023475,1.31044911,17.89094667,70.90937273,0.11454609
BAT0628,3.867996365,1.776726103,32.50666826,72.41982589,0.113612188
BAT0629,3.163267481,1.936447469,23.38660081,72.2734099,0.111271693
BAT0630,4.003294681,1.348617426,23.74583492,73.55503793,0.110669596
BAT0631,3.185743242,1.271691992,31.64097071,72.78101414,0.110179395
BAT0632,3.361410704,0.627584578,27.78115005,73.12608547,0.113575884
BAT0633,3.298772279,1.323309202,27.27943886,72.78919457,0.114444943
BAT0634,3.446768518,1.069968618,35.82501172,71.3344665,0.114701931
BAT0635,3.305596519,1.410702921,21.78240885,73.69243165,0.113264038
BAT0636,3.586741112,1.083089522,29.63920064,73.12322972,0.111286007
BAT0637,3.488889458,0.860448685,25.28506562,73.31753779,0.11233585
BAT0638,4.183883389,0.642447913,26.34296139,73.63463996,0.116104697
BAT0639,3.06711162,0.972377667,32.64234213,72.59722715,0.112930743
BAT0640,3.170617652,0.644967251,27.53917878,73.76329482,0.114286835
BAT0641,3.063391073,0.765345426,27.6914804,72.6128074,0.111948699
BAT0642,3.751009434,1.981004238,30.36253669,71.80907469,0.114873166
BAT0643,3.065411133,1.166155335,23.17523635,72.21471591,0.113384631
BAT0644,4.003727685,1.29780765,20.80395166,72.19969532,0.116493425
BAT0645,3.614326357,1.810427793,19.77595403,71.64140768,0.116047115
BAT0646,3.632409149,1.993353351,15.16821705,73.83451516,0.113608588
BAT0647,3.673913409,1.374071674,35.28103565,72.12656174,0.114446672
BAT0648,3.204976448,1.718710732,19.48395817,72.17445389,0.113697768
BAT0649,3.237228364,0.990411537,23.89373188,72.42059864,0.112061134
BAT0650,3.382580787,0.958615936,23.6159335,74.98889206,0.113285115
BAT0651,3.712195699,1.104055581,26.53703349,70.77232814,0.115496435
BAT0652,3.252141331,1.508760894,29.07868606,70.93569407,0.115850519
BAT0653,3.139598073,1.523287534,29.30236744,70.36222219,0.115597096
BAT0654,4.164140264,0.972859152,22.08461281,71.6775819,0.114796534
BAT0655,3.026378178,0.699814886,24.16439143,72.1094015,0.117366133
BAT0656,3.963236886,1.448594385,26.41289975,71.24670854,0.115727084
BAT0657,3.945642179,0.692488793,23.75654437,71.26904109,0.117106508
BAT0658,3.356656937,1.367738762,33.03672788,71.6660463,0.11225245
BAT0659,3.162751939,1.540133192,27.45487476,71.08393646,0.108055199
BAT0660,3.174754376,1.550917245,28.67438893,71.83875968,0.116567576
BAT0661,3.836917941,1.630208166,28.31440634,72.61010003,0.113250469
BAT0662,3.771367909,1.809289132,30.86736929,72.07194306,0.115775097
BAT0663,3.939294809,1.249938488,25.90510779,72.3991235,0.115695806
BAT0664,4.124977407,1.595373784,18.51584026,72.68529063,0.119574801
BAT0665,3.830312836,1.428759103,26.99843976,71.69723307,0.117299993
BAT0666,3.187021844,0.77995991,21.74321553,71.39377448,0.116931718
BAT0667,3.29213114,0.538534467,22.35691659,70.7600601,0.118373982
BAT0668,4.010632477,0.926812079,27.93182009,70.95884127,0.117536995
BAT0669,3.251167291,1.16455056,31.19141536,70.70540318,0.115984646
BAT0670,3.08702678,1.425658917,25.10635788,72.02438931,0.119142952
BAT0671,3.843936065,1.774938996,26.54416506,71.54385627,0.1148805
BAT0672,3.483031627,0.794368575,33.51107472,71.82059422,0.117846494
BAT0673,4.104048063,0.688324685,26.2037659,70.08829677,0.11420486
BAT0674,3.780306085,1.945219921,38.00841557,72.28665019,0.117807888
BAT0675,3.108502773,0.662066839,27.82754823,70.72790547,0.117885979
BAT0676,4.137427881,1.217736605,16.1961862,70.19998483,0.12095291
BAT0677,3.310268716,1.378345593,28.76670811,70.5613706,0.114570052
BAT0678,3.404654988,1.312061631,26.90579192,73.49626218,0.116598226
BAT0679,3.482712496,0.629048236,31.44876377,70.57028517,0.119545365
BAT0680,3.061469156,0.585540371,28.36590676,70.66698028,0.118670635
BAT0681,3.595818507,0.658225141,24.30772008,70.84193696,0.11846061
BAT0682,3.147982189,1.378381526,18.87850882,70.8900623,0.116287729
BAT0683,3.481164392,1.316517331,23.95488371,70.12994082,0.117118363
BAT0684,3.420851746,0.850611188,20.74739773,71.1334484,0.120890082
BAT0685,3.9274081,1.456661213,22.09738275,71.94630641,0.118396982
BAT0686,3.963804614,1.730101253,27.94289202,71.00883032,0.119350719
BAT0687,3.184095459,0.56236844,33.34952252,69.56010285,0.118469623
BAT0688,3.439861425,1.247194915,26.97335765,70.35405215,0.116433829
BAT0689,3.448023793,1.533965618,19.02058469,70.24534107,0.120767621
BAT0690,3.181692533,0.878467891,27.22301334,70.71940393,0.120006465
BAT0691,3.958144206,0.961656358,30.98315743,71.88149195,0.123711274
BAT0692,3.848673994,1.420456854,21.95108548,70.50501917,0.117168837
BAT0693,3.228458144,1.84690294,24.32991417,70.44362895,0.120945146
BAT0694,3.44006629,1.71488663,25.07344097,72.27586549,0.116776912
BAT0695,3.12696603,1.374695329,21.07550843,71.45651293,0.119814693
BAT0696,3.753847917,1.595332577,28.24140217,70.95711783,0.121553013
BAT0697,3.145646309,1.047233705,24.39525926,72.44101482,0.11555573
BAT0698,4.183121002,1.461448292,27.09766222,70.84534155,0.119390135
BAT0699,3.93681849,1.199272387,20.56253911,68.49404251,0.118773581
BAT0700,3.46828626,0.784904205,22.8127085,71.27779083,0.118596085
BAT0701,3.694276719,1.552607411,28.61190679,68.62848699,0.120870425
BAT0702,4.093610179,1.334696956,23.13583424,70.77194065,0.122441371
BAT0703,3.664919136,1.037932373,33.63481926,68.39401846,0.120033443
BAT0704,3.209398184,1.867008785,23.00181907,69.73879164,0.120810973
BAT0705,3.454444027,0.531401177,26.12342363,69.88112649,0.120728618
BAT0706,4.011773838,0.973659727,29.66295416,69.32791339,0.120603607
BAT0707,3.773055619,0.585322097,17.90817134,69.99125048,0.118521315
BAT0708,3.780869261,1.649790974,16.19595594,71.26860482,0.123016889
BAT0709,4.040185783,1.553161181,17.37171843,69.47638373,0.121490391
BAT0710,4.072767669,0.997028328,31.31292052,70.48041518,0.121789763
BAT0711,4.103751086,1.513494353,22.24070927,69.06757331,0.119486981
BAT0712,3.113819032,1.093905839,37.79099643,69.5428301,0.120281559
BAT0713,3.652951202,1.634380687,22.17876201,70.28252235,0.120947732
BAT0714,3.888611425,1.181275494,25.92275652,68.90074408,0.118331751
BAT0715,3.908312214,1.118419592,32.71054976,68.42424315,0.118123931
BAT0716,3.728059442,1.902094873,35.03046444,70.07123984,0.120398504
BAT0717,3.200144802,0.87631865,35.30751788,70.76764513,0.122745042
BAT0718,3.956904665,0.68067101,31.04183115,69.63854724,0.120493725
BAT0719,3.8641336,1.37681467,30.12031263,69.17728694,0.11986239
BAT0720,3.103362926,1.953982718,27.96263475,69.74388611,0.120370629
BAT0721,3.55657179,1.066758821,28.89180538,69.68200627,0.121189315
BAT0722,3.208772879,0.593055145,22.24407142,70.01793311,0.121492282
BAT0723,3.404972455,1.008957901,20.90900558,67.2000782,0.126631043
BAT0724,3.021697311,1.258897481,24.98312771,68.52092681,0.124509241
BAT0725,3.480395842,0.74288451,24.14907689,68.78127001,0.124549548
BAT0726,3.659852305,1.487153327,22.73385975,69.69943441,0.124937161
BAT0727,3.743499111,1.996624084,28.48193724,69.53672772,0.120702358
BAT0728,3.796188414,1.177609214,29.77652604,70.01123421,0.120355271
BAT0729,4.003549576,1.032092835,25.44203443,69.70207359,0.120686259
BAT0730,3.258555489,1.10105625,32.38765041,67.96614722,0.125669012
BAT0731,3.144578187,0.672719268,19.29155443,70.9868441,0.122005616
BAT0732,4.021844606,1.824910402,24.0317027,70.56993974,0.120697288
BAT0733,3.187935378,1.122238483,21.4158884,68.1306141,0.122438008
BAT0734,4.169712098,1.080911617,15.66731691,69.80882973,0.122922789
BAT0735,4.011045875,1.489535409,24.58659657,68.62966343,0.124036827
BAT0736,3.601051927,1.163050131,24.39126246,69.3687208,0.124101902
BAT0737,4.17770571,1.472350203,32.56724872,70.05693357,0.122043639
BAT0738,3.116852075,0.592169435,28.15405842,71.27822806,0.125171313
BAT0739,3.363678913,1.720585016,19.87906588,69.92028082,0.122621613
BAT0740,3.765869298,1.910755929,34.27046283,69.12531626,0.123687447
BAT0741,3.420008242,1.473148079,31.10516848,68.56585286,0.125473548
BAT0742,4.114047062,1.931848893,27.91048852,69.07406063,0.122916357
BAT0743,3.078751306,0.727148472,23.86757951,70.42125648,0.123161297
BAT0744,3.659294198,1.216124284,20.20280382,69.00940674,0.125583336
BAT0745,3.709039521,1.402710101,23.13896612,68.05885637,0.122784534
BAT0746,3.783273749,1.372604971,30.4437431,67.15043184,0.123830416
BAT0747,3.306799468,1.102192669,34.42293153,69.19886711,0.125811484
BAT0748,3.437479713,1.007126614,32.71621764,68.94499067,0.128908185
BAT0749,4.012416636,0.690236034,22.55575289,68.25493749,0.126110809
BAT0750,3.233931323,1.087613676,19.40191283,69.91844593,0.12594528
BAT0751,3.992241417,0.743991223,25.70443123,68.34721626,0.126161603
BAT0752,3.675186507,1.601548515,16.15780317,68.70777763,0.123053619
BAT0753,3.914625013,0.813246403,26.61583857,68.66368118,0.125531193
BAT0754,3.85632884,0.587847958,24.26198707,68.36726584,0.125340467
BAT0755,3.249013794,1.328549207,22.66981749,68.88011562,0.126143169
BAT0756,3.682575284,1.392844599,17.02648466,69.87046383,0.125833016
BAT0757,4.041267783,1.807869592,27.56800053,67.29239727,0.126459399
BAT0758,3.518539484,1.365472419,22.3364958,69.04053472,0.125177066
BAT0759,4.159908924,1.018221281,19.15041582,68.79088784,0.126017218
BAT0760,3.54265812,1.704517822,10.63868893,68.84236804,0.123544343
BAT0761,3.171342764,1.31041834,24.86242547,69.28365642,0.125460185
BAT0762,3.467321616,0.618920427,33.86125798,68.31855711,0.128981667
BAT0763,4.142042888,1.34877584,33.30629607,68.6558796,0.126937617
BAT0764,3.383665019,1.862027818,22.71451872,69.02030452,0.126358158
BAT0765,4.041717792,1.094468938,21.9889397,67.85962361,0.130292247
BAT0766,4.057500818,0.944488703,27.34387128,68.53935536,0.12387833
BAT0767,3.420223829,0.715204186,20.0080728,68.12731465,0.124481089
BAT0768,3.09990919,0.727168283,26.5089595,68.08249449,0.130225423
BAT0769,3.869469491,1.149157227,28.83040139,67.77277753,0.126991922
BAT0770,3.373814759,1.393519736,31.13466612,68.46369039,0.126514834
BAT0771,3.939508337,0.620923108,24.49922962,68.25251791,0.124701591
BAT0772,3.531185818,1.909352884,23.98163125,68.41522325,0.128095393
BAT0773,3.582320091,1.632700426,20.61008707,68.06655721,0.12838892
BAT0774,3.933491288,1.379935877,20.86559823,66.46842122,0.125211011
BAT0775,3.458835997,1.742658006,23.86760554,67.9759019,0.127219449
BAT0776,3.531752814,0.620280135,26.83682753,68.02923059,0.126928968
BAT0777,3.451428563,1.215258317,29.56792313,68.06247682,0.128211954
BAT0778,3.440808618,1.44513969,20.98410525,67.34315006,0.1255615
BAT0779,3.631135892,1.742979359,32.46344284,66.45035114,0.130403895
BAT0780,3.970559333,1.67520434,23.64438199,68.4219007,0.129831648
BAT0781,3.434121974,0.915603875,24.89316353,67.54298855,0.127373649
BAT0782,3.629105665,1.911320254,21.2639416,67.92917075,0.127767163
BAT0783,3.804872791,0.686518762,12.8787987,67.73497056,0.128027156
BAT0784,3.323327336,1.812700428,29.42022698,67.53524516,0.126843383
BAT0785,3.333027366,1.956410374,28.68421949,67.060696,0.127613141
BAT0786,4.120095752,0.765730285,23.59336221,66.73111026,0.128059459
BAT0787,3.868241488,1.583099096,25.33495359,68.02468626,0.131925737
BAT0788,3.692624011,0.560428278,27.57969609,66.97353833,0.130693237
BAT0789,3.777264065,1.108134238,17.18727072,67.86202151,0.130769309
BAT0790,3.035159332,1.274424949,22.35473661,67.95688766,0.129739851
BAT0791,3.741723559,1.370967839,28.9713234,66.78596661,0.126865346
BAT0792,3.611410648,1.903905872,18.72855288,66.2887953,0.129117018
BAT0793,3.654899616,1.508376031,26.46778966,69.77187689,0.131240977
BAT0794,3.431308592,1.221916927,18.21709098,66.98002347,0.126883471
BAT0795,3.097768677,1.714512554,27.33214991,67.86799802,0.130773106
BAT0796,3.23200708,1.925799231,24.82179259,69.18147123,0.134245218
BAT0797,4.140893656,0.533099223,16.92434092,68.29748488,0.131823633
BAT0798,3.490439475,1.973781908,30.82369677,66.75343141,0.132628058
BAT0799,3.560019787,0.629198209,21.32704212,67.27950384,0.130336678
BAT0800,3.063251748,1.721580169,20.94873781,66.38069749,0.131935864
BAT0801,3.045079475,0.920502129,26.00284599,68.04238542,0.128664294
BAT0802,3.860617736,0.698269487,30.74318675,67.62273684,0.131791728
BAT0803,3.645713597,1.15978346,19.92089091,66.68069756,0.131608776
BAT0804,3.610447181,1.465934869,25.30839925,65.98294803,0.130979822
BAT0805,3.291749437,1.071427768,27.1440825,65.67499294,0.133132015
BAT0806,3.893700878,0.581848112,28.46552804,67.97363855,0.12952243
BAT0807,3.201883895,1.399191709,25.88220778,67.04580056,0.130325885
BAT0808,3.227921692,1.853604914,23.1648608,67.11769045,0.130990924
BAT0809,3.552854606,1.074823049,20.8620489,66.17206657,0.128840778
BAT0810,3.343535835,0.824499166,25.43071942,65.43354794,0.131453864
BAT0811,3.296955577,1.163866019,19.63930494,67.9099351,0.127662139
BAT0812,3.774285173,0.572544067,10.39324758,67.20179477,0.133293909
BAT0813,3.781166094,1.730731377,27.18279902,67.58376348,0.131393275
BAT0814,3.989420484,1.739511216,29.51967421,66.21136505,0.130358214
BAT0815,3.50125028,1.382000695,13.18533782,66.69130494,0.129831253
BAT0816,3.087702109,1.029654333,19.95134648,67.50972422,0.131130842
BAT0817,3.328399662,1.699675047,28.09577131,67.26727432,0.133076519
BAT0818,4.176006556,1.332030537,35.28747735,67.19381493,0.132895478
BAT0819,3.71551029,1.738898463,25.10396854,66.23242613,0.130488924
BAT0820,3.851684502,1.447188189,21.35998529,67.21462197,0.130307921
BAT0821,3.008829396,1.67660821,24.08551779,67.60012015,0.133413797
BAT0822,3.621846879,1.39784449,31.8743821,66.22674831,0.130755305
BAT0823,3.045034389,1.121211602,21.7701791,66.0161818,0.13241982
BAT0824,3.683076255,1.93691879,21.00403997,67.77457426,0.132647509
BAT0825,4.10492502,1.311670737,22.58628239,65.77666724,0.133124124
BAT0826,4.162102957,1.407634278,20.23335696,67.06645992,0.134316541
BAT0827,3.64866321,0.830731459,25.61335158,66.29706171,0.130174074
BAT0828,3.549845766,1.438476184,33.12339229,64.27135526,0.128977681
BAT0829,4.134020513,1.357411474,26.61539637,67.34819538,0.131765105
BAT0830,3.808331798,0.777257597,23.73823249,63.5457223,0.136603057
BAT0831,3.077879135,0.589380646,23.54094366,64.3105992,0.137144348
BAT0832,3.558870693,1.40653898,17.18404596,66.83589923,0.136862354
BAT0833,3.288294022,1.645538404,29.41554889,66.53553201,0.132914037
BAT0834,3.563765186,1.285102056,24.61081401,65.47144284,0.12983577
BAT0835,3.546558686,0.840158938,24.09760043,66.2800288,0.128813922
BAT0836,3.698573763,1.499782965,40.96553784,63.16588284,0.132371924
BAT0837,3.428124588,0.62015859,26.49376454,66.75011545,0.133303853
BAT0838,3.197124539,1.162750557,21.24104475,66.31209174,0.136401251
BAT0839,3.604463322,0.745050138,22.86821202,65.99438304,0.135635611
BAT0840,3.996243461,0.776688577,30.74222855,65.868658,0.13445481
BAT0841,3.796814674,0.803440924,25.56635205,66.41034966,0.13232031
BAT0842,3.406041439,1.080060586,17.80861011,65.98412535,0.132278441
BAT0843,4.122627627,0.576725308,29.59614467,63.92199458,0.134808255
BAT0844,4.094649085,1.096690161,21.65927957,68.06756535,0.135794102
BAT0845,3.251218079,1.267561171,34.36648888,66.76924671,0.135283763
BAT0846,3.047301102,1.224941427,30.40024033,64.33553407,0.132530804
BAT0847,3.88957045,1.074176151,22.76339052,65.41160276,0.136001335
BAT0848,3.993132314,1.758719912,31.40508181,65.24786716,0.135651822
BAT0849,4.161437479,0.717990039,25.33927755,66.75659138,0.132758667
BAT0850,4.067803673,1.258545116,29.26386838,63.35437876,0.133431358
BAT0851,3.720641722,0.593062125,27.42366409,65.08644684,0.136476992
BAT0852,3.636062807,0.606733518,20.76821673,63.9250173,0.134730985
BAT0853,3.033409262,1.360798775,21.78225084,65.27332967,0.138478295
BAT0854,3.295987736,1.349027637,30.14980409,64.88821079,0.136402259
BAT0855,3.551537702,1.817050269,23.32612334,65.49853935,0.134526738
BAT0856,3.75420468,1.336810513,22.98175768,64.83734621,0.135579589
BAT0857,3.6687022,1.939686531,20.2243871,64.65452286,0.135826767
BAT0858,3.891163188,0.573042273,27.11799533,65.99246283,0.134343219
BAT0859,3.335720317,0.647011527,35.3126246,65.62465877,0.134074824
BAT0860,3.677943129,0.566098792,19.66233543,66.01095262,0.13740278
BAT0861,3.105770692,0.777915276,25.12109728,65.12077025,0.137790547
BAT0862,3.496398628,1.311905166,32.06110278,64.50220739,0.137407563
BAT0863,3.900193,1.468358272,24.60179304,65.05711087,0.139330636
BAT0864,3.832081024,0.568377737,27.26185898,65.68240041,0.135316454
BAT0865,4.188771285,1.918956335,19.68803236,62.98935733,0.139848542
BAT0866,3.333469351,1.763248065,27.14153549,65.3952315,0.134798158
BAT0867,3.597827159,0.944918723,24.06427867,65.42211934,0.134674629
BAT0868,3.395436497,0.615781295,29.92864998,65.05924364,0.133280082
BAT0869,3.528723737,0.75483061,30.93693026,64.78219579,0.136008409
BAT0870,4.028340156,0.690416621,37.94781821,62.20010221,0.135992555
BAT0871,3.82105089,0.684925669,27.89816587,64.49640095,0.138151875
BAT0872,4.05892943,1.277842533,26.62898158,66.66027714,0.137687782
BAT0873,3.24421333,0.868771164,25.97192151,64.906282,0.134914053
BAT0874,4.048033341,1.037209575,23.23416854,64.59249774,0.136614548
BAT0875,3.071714729,1.984258,26.69241922,64.72132129,0.136757076
BAT0876,4.066319137,1.526471373,23.52299295,65.13685424,0.134048036
BAT0877,3.394888535,1.923471001,25.84230488,65.32331622,0.135738107
BAT0878,3.37750516,0.713834833,31.58798768,64.41016828,0.136258373
BAT0879,3.614506292,1.073209212,19.96728717,65.22894883,0.14076725
BAT0880,4.128828225,1.332097705,30.69939281,66.20865498,0.138382901
BAT0881,3.057337638,0.615137093,31.58557534,65.56073499,0.139424338
BAT0882,3.42267717,0.506281165,24.40965737,67.01769765,0.135202729
BAT0883,4.027886386,1.505651501,14.3907255,64.08957966,0.140688429
BAT0884,3.475265373,1.462729275,21.96089006,66.24394113,0.141002204
BAT0885,3.238988277,1.116183215,31.48497273,63.58976528,0.13450331
BAT0886,3.509753018,1.234466114,24.88565969,64.82267906,0.137189367
BAT0887,3.462663002,1.123164501,20.00348884,65.27888071,0.139691531
BAT0888,4.098499442,0.536007567,22.47612539,64.01340932,0.140088777
BAT0889,3.914321251,1.003057409,29.20310013,64.39942733,0.137543011
BAT0890,3.606138667,0.765623383,27.73366784,65.24357889,0.138389001
BAT0891,4.18604468,0.647636284,23.8053395,63.68173651,0.137905238
BAT0892,3.558333038,1.935080651,23.16587794,65.91396166,0.139420836
BAT0893,3.069885397,1.399039588,23.04120925,62.88460671,0.141694357
BAT0894,3.314729186,1.592984426,20.38794908,66.21109479,0.137857916
BAT0895,3.523284576,0.973045615,33.07687845,65.04947571,0.141501641
BAT0896,3.188283149,1.089720694,23.38839765,64.10905868,0.138036656
BAT0897,4.137078152,0.855385991,31.0857926,63.63413583,0.138004746
BAT0898,3.920218677,0.645448506,32.60658026,63.48888961,0.141437189
BAT0899,3.321944641,0.768547456,29.99155449,63.86865032,0.141743873
BAT0900,3.70896544,1.696271068,22.84189844,63.97470996,0.14170282
BAT0901,3.865738989,1.516318708,27.01865045,65.18143297,0.137468405
BAT0902,4.129534715,1.320393314,24.87902197,65.92578827,0.139268098
BAT0903,4.057962419,1.212634809,20.4814907,64.22378451,0.141945977
BAT0904,3.618230671,1.883651425,26.62179641,62.95741387,0.140483084
BAT0905,3.929583144,0.609102422,19.10480104,63.50365829,0.138352614
BAT0906,3.674573705,0.92090122,30.93839694,63.56699051,0.141516636
BAT0907,3.663244668,1.02490678,22.67691351,62.84333866,0.139270385
BAT0908,3.13769035,1.673638718,26.00579828,62.53162043,0.14438905
BAT0909,3.15136519,1.98877193,26.41643936,65.73651646,0.143989683
BAT0910,3.635440338,0.861005772,23.70547513,64.07755381,0.142208195
BAT0911,3.322633854,1.811461001,27.93346901,62.73075847,0.143822013
BAT0912,3.025244283,1.745934141,22.62548172,64.46176591,0.141329583
BAT0913,3.867407045,0.836986096,29.35648649,62.39165081,0.142830875
BAT0914,3.038983916,1.09899887,18.2701016,62.63807276,0.144355441
BAT0915,3.714332209,1.114509304,25.6318979,62.75081847,0.141990997
BAT0916,3.647032553,1.967331003,34.694645,64.91040164,0.141089626
BAT0917,4.162577629,0.771337852,19.99834338,63.3850998,0.138290756
BAT0918,3.581055767,1.698736957,21.61127515,61.03984205,0.141633733
BAT0919,3.076321724,1.001289071,27.56953925,64.61076376,0.143546846
BAT0920,3.662025561,1.596305519,25.89790891,63.03681826,0.143891267
BAT0921,4.009315405,1.130016506,26.7531505,61.49188807,0.14310873
BAT0922,4.196219141,1.367539645,27.44593565,62.95557851,0.141117402
BAT0923,3.516411808,1.74891766,28.17360734,63.70915013,0.138346357
BAT0924,3.384358491,1.706248347,30.54849921,63.51754152,0.14140957
BAT0925,4.087983956,1.799634775,27.04909328,64.94113536,0.14189131
BAT0926,3.229490555,0.589425988,23.79371173,62.44466112,0.141974142
BAT0927,3.738514698,1.53807583,28.36286851,63.1264826,0.143937113
BAT0928,3.486857309,0.709981065,34.49940967,62.308855,0.146771353
BAT0929,3.049298838,1.123727852,24.33683127,61.59669295,0.143147058
BAT0930,3.416746169,1.322882623,20.12735348,64.05727349,0.142566536
BAT0931,3.318274227,1.104109227,30.53540335,63.41731974,0.142581556
BAT0932,3.823309385,1.279417514,24.39809418,63.3115332,0.14344877
BAT0933,4.138548597,1.994789463,14.13665227,63.55692732,0.141643412
BAT0934,3.321656625,0.702825971,29.23710839,62.24044375,0.143640397
BAT0935,3.973759127,1.513184068,22.32335907,61.94605444,0.144401625
BAT0936,3.06643178,1.09400145,24.54733359,62.95543093,0.144019372
BAT0937,3.645745212,0.699514698,26.65990165,64.04478902,0.144615084
BAT0938,3.084660076,0.738105145,25.9524984,64.47054202,0.144667495
BAT0939,4.120839589,1.923909659,28.54725909,63.45602166,0.140356207
BAT0940,3.919621537,1.819402245,22.82256815,62.78330917,0.14527374
BAT0941,3.789539893,1.860562941,27.56552899,62.8935461,0.14275797
BAT0942,3.988675658,1.987299164,23.70226661,62.66855185,0.142008322
BAT0943,3.777023755,0.812473085,28.6940524,61.61726721,0.142091096
BAT0944,4.162733277,1.033159006,28.07683742,62.62674079,0.145267083
BAT0945,3.856749537,1.503828545,20.32280649,61.34388888,0.14405485
BAT0946,4.109590331,1.22570381,30.42991058,62.34891896,0.141236062
BAT0947,3.62055827,1.1275843,22.32018277,64.24971936,0.145656076
BAT0948,3.140477296,1.036716874,29.04028899,63.27977111,0.141920784
BAT0949,3.633813266,1.390670948,26.83643657,61.51108883,0.145179643
BAT0950,3.152247394,1.363390143,34.19091838,62.18603333,0.145476998
BAT0951,3.710992175,0.742186751,23.88267009,61.66098879,0.146871154
BAT0952,3.578991673,1.207609756,23.25341602,62.36751297,0.14876337
BAT0953,3.747090477,1.330207664,24.90290197,63.39450534,0.142570647
BAT0954,3.012056377,1.355430408,23.48410109,63.00088095,0.145295052
BAT0955,3.23380859,0.815160789,28.99970951,64.74435507,0.144947329
BAT0956,3.589596518,1.613407088,16.91844696,63.58311363,0.146467499
BAT0957,4.140604274,0.537798642,19.7315879,62.6145607,0.146131338
BAT0958,3.460330848,1.032247783,19.66098539,63.00830492,0.145094908
BAT0959,3.509246431,1.670318973,29.75153796,61.83172253,0.145018196
BAT0960,3.857635307,1.345839382,33.55306686,60.83170919,0.143767098
BAT0961,3.724551309,0.891743649,24.47775391,63.46053762,0.148075723
BAT0962,3.35871138,1.542429679,24.15589138,63.07375437,0.147118408
BAT0963,3.492979675,1.351086416,25.35026082,61.78759023,0.148135536
BAT0964,3.261239759,1.694365414,30.80939151,62.1277057,0.145779208
BAT0965,4.159225751,1.602537779,20.36323433,63.2814525,0.145186329
BAT0966,3.156761258,1.415161883,26.19184491,62.75766897,0.14444337
BAT0967,3.446204141,1.232266513,29.87598815,60.36146323,0.147417835
BAT0968,3.031006767,0.699773189,27.50547085,62.13748585,0.144720414
BAT0969,3.26613539,0.891999527,25.94790808,61.70680599,0.150597326
BAT0970,3.936565366,1.128649209,30.00523046,62.85127126,0.144384715
BAT0971,3.241410279,1.398948931,11.48383854,63.08135703,0.14764732
BAT0972,3.096076083,1.270561783,28.3893766,63.01229732,0.150333709
BAT0973,3.569343816,0.932276789,21.72962158,60.7114674,0.14849818
BAT0974,3.011963082,0.509696537,15.84683552,61.17381398,0.147751347
BAT0975,3.101719385,1.244358833,27.556013,62.73300958,0.145563033
BAT0976,3.969151043,0.928438983,31.86829273,60.94128052,0.144836462
BAT0977,3.925768014,1.601912451,24.31275743,60.06391088,0.1492401
BAT0978,4.098166584,0.535919398,29.76437274,62.0841629,0.150812294
BAT0979,4.025418523,1.377241717,33.06139129,60.82293228,0.1470223
BAT0980,3.819810676,1.912211356,31.57457227,63.1048392,0.145721877
BAT0981,3.062799429,0.761613901,33.19982265,61.66244738,0.143183661
BAT0982,3.939418342,1.207474236,28.71063746,61.5403808,0.14623847
BAT0983,4.014612973,0.637132988,25.37716819,61.10324352,0.148072686
BAT0984,3.958898575,1.438522868,16.99017094,63.11958744,0.151598246
BAT0985,3.610174842,1.325797521,23.76968756,61.73165387,0.149846267
BAT0986,3.279482206,1.111048286,20.78376702,61.01445967,0.149210171
BAT0987,4.014395971,1.282065532,35.85471359,60.27902263,0.147899761
BAT0988,3.872595372,1.844861988,24.12057094,61.14670564,0.147633669
BAT0989,4.176913409,0.794441453,25.61602403,60.28633534,0.151711295
BAT0990,3.186831117,0.533846768,27.75742688,62.24476287,0.149401477
BAT0991,3.2707975,1.792497327,25.21801223,59.30113978,0.144894799
BAT0992,3.25415778,1.365675624,33.4752552,60.81617963,0.147852921
BAT0993,3.951047721,1.835987683,21.88675319,61.71924189,0.147583568
BAT0994,3.224288756,1.395417835,25.97303728,61.38223624,0.148307472
BAT0995,3.079991796,1.715241635,21.28764707,60.35323778,0.150625821
BAT0996,4.198272968,1.144510045,18.39988744,61.81428764,0.14938511
BAT0997,3.029780654,1.624789897,21.94115455,60.11781738,0.149546269
BAT0998,4.002292872,1.8695622,24.81481601,60.86820413,0.152426946
BAT0999,3.43844021,1.358184446,22.85348888,61.60147847,0.148507078
BAT1000,4.009938552,0.771177726,21.5378951,61.46624733,0.153728399
BAT1001,3.665544589,0.903196423,17.96841268,60.35516974,0.148757385
BAT1002,4.081957475,0.797966865,24.58447214,62.07459277,0.150378396
BAT1003,4.111431584,0.870285541,17.47639813,61.06741148,0.149737593
BAT1004,3.010917818,0.959623174,28.80027982,61.45699127,0.150646838
BAT1005,3.090494611,1.33270068,25.41219876,62.24224239,0.151389184
BAT1006,3.300430475,1.381987444,17.7122425,61.94842533,0.15146767
BAT1007,3.8031785,1.139749621,23.45395461,61.82911797,0.149193765
BAT1008,4.065926636,1.42313117,21.23921797,60.88632061,0.148554171
BAT1009,3.551930342,0.622362388,26.59587255,61.42921642,0.155906344
BAT1010,3.72836774,0.631682356,31.70225223,60.71451641,0.150032031
BAT1011,3.226199823,0.757744191,15.62413765,59.56925088,0.152498425
BAT1012,3.965960201,1.277116247,25.5751304,60.79906278,0.147984717
BAT1013,4.160793734,0.820992018,24.19933602,60.79451026,0.150740775
BAT1014,3.322318719,0.924926605,28.35670038,60.99704115,0.151145601
BAT1015,3.593791142,1.100469254,26.06598314,60.28227942,0.15244563
BAT1016,3.103339333,1.717799186,21.24015334,59.65231025,0.146155092
BAT1017,3.670963988,0.520793204,23.40473032,61.11538803,0.152032281
BAT1018,3.60334013,1.47406823,21.01987072,59.0666877,0.149500517
BAT1019,3.173323781,1.503314797,30.38003569,61.61736078,0.152548691
BAT1020,3.530479456,1.697983671,25.10655824,59.98183712,0.149927342
BAT1021,3.400925583,1.899129409,34.50595343,60.21939302,0.150389035
BAT1022,3.62619705,0.530206773,24.69669593,60.83421382,0.151652745
BAT1023,3.702785203,0.730675558,21.45796617,60.87978608,0.150195341
BAT1024,3.010194694,1.829256941,17.43142804,58.81950228,0.151448931
BAT1025,3.91320718,1.187777843,15.98430162,61.11438076,0.150113248
BAT1026,3.85561715,1.346885958,17.07932028,60.52435524,0.148933659
BAT1027,3.439543663,1.494540806,26.33563326,59.35476794,0.154735914
BAT1028,3.063523123,1.518599907,27.54362512,59.18251754,0.150207903
BAT1029,3.905919048,1.897610605,17.09404649,59.73794406,0.152542638
BAT1030,4.146210193,1.995424126,29.47519157,58.48457459,0.154505782
BAT1031,3.288181915,1.580236191,22.58469474,61.65363703,0.151870112
BAT1032,3.388229536,0.930831814,25.73396506,61.38820185,0.151549668
BAT1033,3.220575467,1.819628603,33.06110314,60.08705538,0.153752476
BAT1034,3.692323348,0.573831372,29.48419658,59.57680295,0.155635868
BAT1035,3.185809674,0.846621279,23.65734676,59.66108094,0.151161369
BAT1036,3.427432732,1.846078576,20.54403887,60.54730584,0.153299704
BAT1037,3.836415617,0.884287272,14.24092299,61.73804048,0.150235011
BAT1038,3.67213918,0.830976589,21.4042334,59.24061493,0.153013598
BAT1039,3.463755077,0.70718794,23.94434881,58.62373662,0.153968409
BAT1040,3.504299522,1.788667636,20.06410236,61.22715606,0.152290751
BAT1041,3.674533059,1.250087389,24.34371516,57.82937934,0.153186016
BAT1042,3.007037673,1.512339805,25.38425941,58.52968908,0.151383546
BAT1043,3.094211842,0.858599576,23.87572009,59.35564609,0.154454157
BAT1044,4.057509681,1.637060632,21.7499871,57.97547957,0.156511388
BAT1045,3.093454787,1.640008317,25.84327336,60.53464332,0.152305712
BAT1046,3.848164315,0.968897037,27.20970325,60.28792496,0.153354656
BAT1047,4.104045797,1.11602395,19.54800461,58.96349185,0.155705092
BAT1048,3.324820325,0.814535416,32.0546619,60.56666021,0.157224181
BAT1049,3.444589724,1.964841535,24.50705934,60.74100646,0.15191362
BAT1050,3.682705687,1.468403866,25.09424811,59.18519107,0.154662431
BAT1051,4.058050764,1.901815821,28.54107212,58.70416475,0.155666262
BAT1052,4.130286705,0.955078315,26.16608066,61.52535861,0.154995887
BAT1053,3.887475898,1.672836369,29.76568317,59.81190181,0.150346416
BAT1054,3.103943713,1.648787966,26.43562083,59.38482318,0.15640218
BAT1055,3.802984987,1.537483478,21.93781313,60.5618847,0.158538673
BAT1056,3.492364466,1.948458463,26.80751763,59.33053261,0.155833324
BAT1057,3.564841199,1.090333004,19.28136896,58.72807289,0.153637788
BAT1058,3.058978068,0.696075985,25.54279853,59.1968075,0.154773746
BAT1059,3.229274567,1.507563289,24.83385005,60.0570906,0.159439826
BAT1060,3.948616329,1.593964701,23.95941571,57.0038588,0.157819925
BAT1061,3.5447506,1.36259086,24.35731244,58.69195375,0.157380053
BAT1062,3.36199469,0.81022684,15.59075477,60.56237128,0.156912825
BAT1063,3.460822889,1.256683913,22.25637546,58.45825036,0.154977726
BAT1064,4.025279416,0.968284605,25.46422451,60.44967444,0.155998858
BAT1065,3.898798821,1.141199792,25.79928196,60.26308235,0.156344155
BAT1066,3.326778477,1.467827864,19.8616243,58.83766624,0.157699149
BAT1067,3.141002208,1.617822114,31.3285392,58.05908597,0.159717838
BAT1068,3.302397866,0.848337036,20.66912576,58.59917197,0.159036676
BAT1069,4.104907741,1.107988041,29.847286,61.31038697,0.154061231
BAT1070,3.697906605,0.903742356,27.13597181,60.56361887,0.15744799
BAT1071,3.64017625,0.797947421,21.76886345,58.90127929,0.158573527
BAT1072,3.71567232,1.67508083,33.87655446,57.80664099,0.158437721
BAT1073,3.439233919,1.863879042,19.03181584,58.77862506,0.156041532
BAT1074,3.968528424,1.055348279,29.59577087,58.74376059,0.163228218
BAT1075,3.627943499,1.626918387,30.00291159,57.1600519,0.154945831
BAT1076,3.140097483,1.845492934,21.64689895,58.59749265,0.155433623
BAT1077,3.15487815,1.769186316,31.9623265,59.60995689,0.15816719
BAT1078,3.644230976,0.774220083,23.74976743,56.7207239,0.162033606
BAT1079,4.123884262,1.934437822,26.44346815,59.14555009,0.15622761
BAT1080,3.370022546,1.065014661,26.30160919,59.75232606,0.157468343
BAT1081,4.043449403,1.008860992,24.32845629,57.83083276,0.160254587
BAT1082,3.916914704,0.593646991,29.05404137,60.00136027,0.158164276
BAT1083,3.297374931,1.229260481,28.9674436,57.52380389,0.157630792
BAT1084,3.043608898,0.663520423,16.25734013,58.93478665,0.159531266
BAT1085,3.122216718,0.872809731,31.52170121,57.82950322,0.159045036
BAT1086,3.874192721,0.975413933,16.68754006,58.08449154,0.160660878
BAT1087,3.239603686,1.713239485,30.16273102,57.39969276,0.161282938
BAT1088,3.445525105,1.813232976,30.63352568,58.66494348,0.159414006
BAT1089,3.602038999,0.953699476,19.54516785,59.09168648,0.159483465
BAT1090,3.870561802,1.788047182,22.94592856,57.99580247,0.159428222
BAT1091,3.135877468,1.785846406,19.47147666,56.73876031,0.160078261
BAT1092,3.487639686,1.646976426,23.92539485,58.39550316,0.159310341
BAT1093,3.582087491,0.720042671,23.45982858,58.48514899,0.159298783
BAT1094,3.648992477,1.53548427,28.89830266,57.62490402,0.161793254
BAT1095,3.98203277,1.917536097,31.55154373,59.58637945,0.162532232
BAT1096,3.206013834,1.523810718,31.97841905,56.15485416,0.156584894
BAT1097,3.969397742,0.997425274,22.18915987,55.71872477,0.159720042
BAT1098,3.831454113,1.250868976,23.95389063,57.11333701,0.158422611
BAT1099,3.667044977,1.468587565,16.58280904,58.64904972,0.159278057
BAT1100,3.839433444,1.265855613,20.97064967,56.78410152,0.160805032
BAT1101,3.494421287,0.679929413,29.82425817,56.70930137,0.161438877
BAT1102,3.166077103,0.968096067,33.07791412,58.5162106,0.159975747
BAT1103,3.798918288,1.703594046,18.82825564,58.2079884,0.156473319
BAT1104,3.629606768,1.792127069,22.0376787,58.01826854,0.158469909
BAT1105,3.767249761,0.705950049,24.86797122,58.4434584,0.162292999
BAT1106,3.405598537,1.928580129,26.40080579,57.0527279,0.155119147
BAT1107,4.088239893,0.993233927,20.9519824,57.27026002,0.163074854
BAT1108,3.704843842,1.493470608,27.12030522,58.25444646,0.16184246
BAT1109,3.102482981,1.627737719,22.63080326,56.14495802,0.163532352
BAT1110,3.539764789,1.717919352,24.92773865,55.26098344,0.160602862
BAT1111,3.907627266,1.918624553,27.73142124,56.86309136,0.156977189
BAT1112,3.952961474,0.969379322,25.03211135,58.34497703,0.162060725
BAT1113,3.593516463,1.787759682,22.81807055,57.60092477,0.163849306
BAT1114,4.073697085,0.697530355,24.45195098,58.24782151,0.163249444
BAT1115,3.321202125,1.55756136,24.5581852,55.25492858,0.160174617
BAT1116,3.492718437,1.612966594,23.14994485,57.5781657,0.161773522
BAT1117,4.078316293,1.516584862,23.70601969,57.88387285,0.160634327
BAT1118,4.07550806,0.878472104,32.99323585,55.72610171,0.160161467
BAT1119,3.822855323,1.809564721,27.80459724,57.91844511,0.163810777
BAT1120,4.030776657,0.753287695,23.52259841,57.10496223,0.159604935
BAT1121,3.10652792,0.580452187,28.48477202,60.17468488,0.160312367
BAT1122,4.037993971,1.576197486,23.33090255,54.89844299,0.159991949
BAT1123,3.384743888,1.213213573,30.86562319,58.29922647,0.159319505
BAT1124,3.213997815,1.77364703,26.84821096,56.52908901,0.162692829
BAT1125,3.287243804,1.075095712,24.46348928,55.3924761,0.164823006
BAT1126,3.50156221,0.752417883,27.23858463,56.42827073,0.162230246
BAT1127,3.301430406,1.754663289,17.14561924,57.3031731,0.159688504
BAT1128,3.384681103,1.323364447,19.36616266,58.0307138,0.164479889
BAT1129,3.161974183,0.783793689,19.03037497,58.74471953,0.166271404
BAT1130,3.355412119,1.580575998,25.71471547,58.2001196,0.161707515
BAT1131,3.686740577,1.266670458,33.662575,55.6541152,0.162142891
BAT1132,3.53022445,1.406469473,36.15650073,57.65464187,0.164231321
BAT1133,3.416062513,1.191347507,28.19025551,57.06543863,0.166543747
BAT1134,3.895742555,1.743063476,27.50422237,55.94694013,0.162360332
BAT1135,4.072211966,1.744344074,15.99471133,56.58853616,0.1608351
BAT1136,3.908147067,1.564083233,22.286631,55.95163424,0.164862837
BAT1137,3.398400843,0.658102066,21.06108124,56.78252183,0.165298136
BAT1138,3.893330601,1.758280793,21.89576201,55.85790461,0.163812263
BAT1139,3.182376219,1.506519471,24.15928091,55.50831968,0.162783733
BAT1140,3.156381586,1.545536249,22.63954711,57.01077239,0.165988757
BAT1141,3.414752444,1.044474261,15.10350095,57.33005846,0.165156072
BAT1142,3.969242843,1.818919334,28.73955128,56.13241394,0.162663129
BAT1143,3.295617897,1.5880574,19.63628487,57.86166331,0.164398189
BAT1144,3.075904091,0.6688857,26.19623432,56.16315015,0.161696585
BAT1145,3.158051442,1.111667052,35.37041335,55.86189602,0.165871781
BAT1146,4.030493962,1.829570543,20.40307704,57.02156848,0.164075533
BAT1147,3.760539942,0.570795053,12.34856239,56.48447531,0.163828578
BAT1148,3.303841396,1.942124929,23.56997889,56.30899186,0.164734251
BAT1149,3.66635499,1.518743852,30.50479817,53.57625293,0.164980615
BAT1150,3.633095547,1.447063966,34.79173727,56.00368454,0.16678986
BAT1151,3.786523174,0.905838885,18.85225203,54.50155096,0.166282181
BAT1152,3.279825065,0.873187683,27.48349612,54.9072951,0.164887181
BAT1153,4.037283585,1.913087329,22.67344772,54.75399365,0.166827336
BAT1154,3.371242274,0.947408681,24.47025823,55.07622519,0.166201475
BAT1155,3.832957985,1.663257945,38.22171674,55.19220188,0.164646801
BAT1156,3.019349576,1.089682697,17.48514836,55.6955145,0.165350564
BAT1157,3.447188556,0.708881106,26.26869831,56.67755493,0.165403554
BAT1158,3.422051782,0.516072947,27.33846586,56.20241745,0.166810523
BAT1159,3.652181314,1.316386006,30.42893162,53.90598,0.165165955
BAT1160,3.087283514,1.963668228,25.48991577,55.89326756,0.165219182
BAT1161,3.948157648,1.053704291,26.5402527,56.1670852,0.170037515
BAT1162,3.261336962,1.035788501,23.04175716,55.56089327,0.168079471
BAT1163,3.812445378,1.016137427,26.34563471,55.73333069,0.164778799
BAT1164,3.963854548,1.280815756,23.28403862,55.98816117,0.167541882
BAT1165,3.674252347,1.160997325,28.10785945,56.44682733,0.1667367
BAT1166,3.889059848,1.81987194,23.15194832,54.10945073,0.167383102
BAT1167,3.794232375,1.258281188,26.88550197,55.39037487,0.166974683
BAT1168,3.426635757,1.261636757,24.85368593,57.15220293,0.169179285
BAT1169,3.970630247,0.707557392,30.63025125,56.96927989,0.167591241
BAT1170,3.353641644,1.974109311,24.74303138,56.3635208,0.166875823
BAT1171,3.685455501,0.874959336,16.13483766,56.30036447,0.169184381
BAT1172,3.894477287,0.610046101,31.3096075,57.11004846,0.16766657
BAT1173,3.454747092,1.494719373,20.4713385,57.47043872,0.167542957
BAT1174,3.363321129,1.393049555,21.73116831,55.37736102,0.168028045
BAT1175,3.551215212,1.122718481,22.02169353,54.52711203,0.167312782
BAT1176,3.981556193,1.133288351,31.87219047,54.99706705,0.167618454
BAT1177,4.115906116,1.677595882,14.32162893,58.62951812,0.166526611
BAT1178,3.654100095,0.79356896,40.68874267,53.49341039,0.166297666
BAT1179,3.793759446,1.730379978,30.28028405,54.67560032,0.165902859
BAT1180,4.083928347,1.473120671,26.11619457,53.81134163,0.165216033
BAT1181,3.118256222,1.128454661,24.72553,55.37996308,0.166340565
BAT1182,3.278494293,1.187042925,26.42777037,53.98149204,0.167851466
BAT1183,3.850680008,0.884970811,27.60561214,55.05097085,0.168506235
BAT1184,3.988493354,1.628171499,28.22607793,53.0917867,0.167857407
BAT1185,4.028434834,1.269312113,27.77802233,55.67323987,0.163788593
BAT1186,3.498128612,0.981281814,25.44790341,56.32226111,0.171749173
BAT1187,3.107207883,1.394075174,24.0133079,54.67227698,0.17087296
BAT1188,3.525337773,1.993601678,24.24363358,54.82542453,0.16969152
BAT1189,3.276881508,1.152893419,24.0254586,54.85447567,0.172714981
BAT1190,3.349435746,1.881037101,30.66885048,54.96200633,0.167045272
BAT1191,3.926721068,1.01752526,27.96778361,54.85219448,0.17287525
BAT1192,3.090632503,0.58209906,10.29805683,56.02431499,0.167269572
BAT1193,3.993097461,0.80636316,28.27950388,56.07607956,0.169777476
BAT1194,3.513202903,1.128042715,25.97368097,54.01181637,0.166852325
BAT1195,3.715276717,0.829452393,24.90645622,54.53666221,0.169529388
BAT1196,3.107582677,0.500340557,23.05740773,55.78640281,0.170372333
BAT1197,3.404830894,1.872502307,30.6205636,53.14353645,0.169390619
BAT1198,3.107641103,1.765819117,29.73763231,52.5917135,0.171227755
BAT1199,4.153852467,1.613438347,21.13561166,54.94493247,0.170098029
BAT1200,3.968713979,0.751721893,27.03526144,55.15204575,0.168955171
BAT1201,3.551559305,0.680545364,20.14171633,54.04729279,0.168966373
BAT1202,3.268323058,0.601407124,18.10190918,54.20855788,0.171821828
BAT1203,4.120146126,1.586043783,21.86641388,53.82216975,0.168992516
BAT1204,3.413515915,1.893211941,29.31196736,53.50471675,0.172230806
BAT1205,3.193181318,1.145803731,29.76562523,55.09971419,0.172945424
BAT1206,3.675797266,0.678711008,27.5654271,53.28534273,0.167262572
BAT1207,4.132528944,1.268589231,28.62547893,54.08904002,0.172965853
BAT1208,3.004596349,1.023247861,27.58089144,53.46356402,0.174920845
BAT1209,3.285749812,1.062237387,21.79259202,52.99439057,0.171404008
BAT1210,4.126137168,1.431995936,27.15961272,55.14445467,0.172198168
BAT1211,3.20530316,1.57807717,29.00204763,53.67190857,0.173174011
BAT1212,3.135892142,0.665905398,28.77145665,54.44491788,0.170649035
BAT1213,3.684224659,0.553385346,30.94456686,52.68510763,0.17166456
BAT1214,4.034212588,1.991495454,28.54151924,53.3244108,0.168771601
BAT1215,3.572531781,0.849092523,26.75724104,54.94128168,0.17177727
BAT1216,4.193477108,0.580745787,30.35075119,56.69634831,0.172596224
BAT1217,3.815006039,0.784812994,24.8673937,52.19104069,0.172732326
BAT1218,3.088889889,0.55843677,20.59062674,54.04324227,0.173930849
BAT1219,4.191398558,1.087716342,24.18466518,54.50074318,0.170350396
BAT1220,3.489473084,1.703602677,21.27548678,53.43787949,0.170934786
BAT1221,3.344883041,1.011866675,21.62410863,54.9346258,0.175891015
BAT1222,3.66945502,1.16627511,24.27740665,53.11878823,0.171899343
BAT1223,3.36516911,1.51338016,21.0379004,54.13837294,0.172700068
BAT1224,3.103749009,1.263341105,23.46019235,53.40793709,0.17226598
BAT1225,3.001714012,1.792168529,15.53192667,55.22404917,0.170856638
BAT1226,3.539500024,1.799053513,26.06646854,53.08580165,0.175847058
BAT1227,4.004236107,0.514866043,25.00602738,53.5288482,0.171644597
BAT1228,3.686778223,1.66706946,20.91455684,54.76194924,0.170545429
BAT1229,4.199048759,1.1911004,28.29622834,52.65711504,0.171998519
BAT1230,3.344215975,1.983260812,29.68785069,53.61578615,0.168996588
BAT1231,3.336546078,1.224848114,16.96220068,52.02378777,0.171797425
BAT1232,3.191699352,1.980343918,21.18637611,52.56728819,0.171263743
BAT1233,3.196876306,1.631854042,21.15428825,54.04177715,0.174534857
BAT1234,3.342223915,0.872907327,20.30048449,52.73085346,0.172053172
BAT1235,3.951408054,1.307592469,29.14737421,52.92550694,0.175275608
BAT1236,4.086908149,1.988203459,24.03086931,53.96637135,0.176396968
BAT1237,4.170104604,1.786295912,23.67742579,52.89029536,0.175262351
BAT1238,3.278747585,0.646050341,14.98068818,54.54922067,0.173369223
BAT1239,4.057557055,1.559557995,28.17709015,53.55570123,0.174182229
BAT1240,3.393906107,1.018369379,18.80370803,53.98624756,0.17095003
BAT1241,3.135408653,0.510473393,25.29966315,54.6813409,0.173832441
BAT1242,4.044029911,1.105221454,26.38688469,53.64792034,0.172479123
BAT1243,3.763326762,0.852131633,31.80329298,54.75286744,0.175688653
BAT1244,3.197677075,1.728303906,18.455898,54.27355602,0.179545505
BAT1245,3.515797509,1.005995913,9.902439221,53.05108504,0.175499643
BAT1246,3.344709234,1.741285541,25.91924772,54.44276502,0.17061772
BAT1247,3.884153482,0.500896908,34.00255591,53.34480112,0.17397754
BAT1248,3.544099477,0.961728725,31.19473176,52.66527499,0.175044982
BAT1249,4.187135934,0.861747821,26.04829708,53.42021432,0.175074715
BAT1250,3.065693979,0.850351042,22.54181907,54.29437267,0.173538374
BAT1251,3.426018319,0.60227993,29.03561298,53.500971,0.175590583
BAT1252,3.578280201,0.780686406,20.132269,54.99749463,0.172714998
BAT1253,3.603760266,1.333324355,27.38178885,54.03032866,0.173410183
BAT1254,3.379122987,0.937041609,27.5273508,53.47262651,0.176691595
BAT1255,3.875088299,1.126092173,30.30104954,51.81797154,0.173468674
BAT1256,4.049696488,1.065300321,38.79830019,52.46939429,0.176676423
BAT1257,4.126463162,1.813857387,26.96207984,52.85161348,0.172961072
BAT1258,3.966112052,1.857948499,22.45518187,53.53126436,0.179329652
BAT1259,4.020696237,1.239435457,24.87212844,53.45443377,0.17435146
BAT1260,3.660654361,0.995233925,16.15462048,53.15436779,0.175552667
BAT1261,3.991065872,0.660201056,21.52643434,53.00020146,0.176761227
BAT1262,3.364204691,1.930104319,22.95358781,53.41373302,0.1750693
BAT1263,3.478174515,0.590340417,22.37955801,51.9491057,0.176586812
BAT1264,3.380295617,0.946475416,25.76177436,54.36890955,0.177550713
BAT1265,3.560864803,0.947099302,20.88790034,50.69260239,0.178421226
BAT1266,3.342695539,0.980601929,30.60515334,53.9664447,0.178182995
BAT1267,4.153933731,0.746430265,25.00103532,52.57031131,0.176356379
BAT1268,3.375413554,1.674742146,24.95349839,53.49515912,0.176506736
BAT1269,3.117653446,0.683746793,23.36052642,52.95634244,0.181598217
BAT1270,3.632180599,1.452359989,25.77595342,52.7823311,0.178899778
BAT1271,3.068518894,0.68576904,29.12549132,52.96918486,0.175256353
BAT1272,3.1326518,0.605803456,20.66434892,53.37017025,0.177399976
BAT1273,3.263267267,1.864144256,21.70941755,52.05451667,0.176629714
BAT1274,3.5572203,0.785193149,23.48136986,53.45957048,0.177129332
BAT1275,3.519901119,1.731875232,18.27064538,51.31881561,0.17504101
BAT1276,3.959630234,1.316946307,20.9037107,52.35575666,0.176776154
BAT1277,3.887369585,0.616784779,22.61889563,53.20173983,0.181323112
BAT1278,3.511581953,1.933172287,29.3719459,53.06305875,0.178958153
BAT1279,3.400445049,0.87044175,26.31280665,52.66525769,0.172917677
BAT1280,3.379762541,1.789468018,25.96794956,51.69504355,0.180433447
BAT1281,3.928794105,0.753215009,29.25448981,52.99201169,0.180279259
BAT1282,3.062486887,1.780914323,24.31314106,51.39096895,0.177481429
BAT1283,3.015385979,0.519843219,26.95232425,53.85404274,0.179734527
BAT1284,3.95465327,1.267670685,24.48389124,51.96152451,0.176681202
BAT1285,3.572575651,1.654163869,26.32681175,50.40003862,0.177559489
BAT1286,3.157057366,1.902193276,22.08620671,50.77396742,0.181597093
BAT1287,3.282679122,1.863803204,12.80591421,52.1707176,0.17815654
BAT1288,4.119004744,1.729437304,24.32860419,52.01886104,0.175060537
BAT1289,4.031403571,1.832287024,32.11374068,53.65168455,0.178773394
BAT1290,3.85174206,0.798829529,29.63107701,50.76550814,0.178842823
BAT1291,3.578670276,0.926276444,29.82698742,51.79578816,0.181496737
BAT1292,3.624388351,0.933452787,31.18065361,50.63809576,0.179228673
BAT1293,4.170293442,1.065580897,25.44328795,51.27537977,0.178456835
BAT1294,4.158924533,1.089981006,25.98657854,53.40768458,0.181490112
BAT1295,3.258322855,1.316832987,21.91174052,50.61517241,0.17974158
BAT1296,3.97332548,0.739819645,23.41963572,52.3350798,0.178099955
BAT1297,3.236691199,1.536869996,28.07885575,51.93704139,0.182009995
BAT1298,3.256244973,0.751349809,31.01942219,51.50869016,0.180187324
BAT1299,3.811311641,0.965462723,24.30276862,52.13420764,0.179905852
BAT1300,3.486001318,1.255017696,22.74905368,50.42585787,0.180355817
BAT1301,4.117853289,1.694660842,25.00263979,53.12215393,0.177958663
BAT1302,3.106811682,1.60920385,28.00603374,53.30814472,0.179144692
BAT1303,3.613830769,1.468301535,17.78072592,51.61799107,0.180307165
BAT1304,4.102225837,0.733659891,13.51909523,54.12168081,0.180010673
BAT1305,4.084936393,1.320568018,22.24731575,51.03528383,0.183044857
BAT1306,3.187835056,0.631169753,18.89643787,51.93969422,0.181034812
BAT1307,3.43996524,1.066044765,22.45929901,52.82540041,0.182409808
BAT1308,3.74294568,1.120274795,24.26109841,50.86204251,0.180818791
BAT1309,3.191273862,0.559717159,22.73375795,49.99509587,0.183012577
BAT1310,4.161626606,0.910982149,32.26233767,49.50822591,0.181795056
BAT1311,4.097699194,1.933474201,26.63372382,53.16008953,0.181126841
BAT1312,3.200340215,1.930448912,26.5023718,50.54216556,0.181173434
BAT1313,3.145386554,1.028490581,28.11103572,50.91247445,0.179391123
BAT1314,3.102490179,0.564650163,19.30583441,50.1769344,0.182413831
BAT1315,4.091332397,0.768642409,30.19555894,51.96884401,0.181419591
BAT1316,3.232348572,1.08832669,24.62117857,50.28746478,0.180596016
BAT1317,3.499541914,1.921669547,28.35240309,50.38880431,0.183912924
BAT1318,3.538621639,0.711798595,19.64071383,51.44381088,0.179299568
BAT1319,3.718813253,1.645273766,17.23120617,50.00409017,0.181055008
BAT1320,3.086082412,0.663023809,29.08944829,50.71961773,0.184055437
BAT1321,3.272110341,1.971886366,26.88204763,52.18267585,0.182731046
BAT1322,4.117788464,1.072424749,20.48974223,51.39551818,0.182104282
BAT1323,4.090092129,1.662851808,20.65168459,51.00453054,0.182802007
BAT1324,3.937548777,1.013886624,30.62717392,50.92324644,0.182758828
BAT1325,3.023281495,1.441503316,19.05294054,50.47697715,0.179466675
BAT1326,3.392408122,0.788024127,33.21336477,52.61341225,0.181901476
BAT1327,3.753550482,0.719031529,20.49689633,50.03534044,0.185933043
BAT1328,3.330228254,1.907096209,28.19195963,50.75472575,0.181481352
BAT1329,4.091504034,1.876470917,23.35690762,50.72759921,0.182263398
BAT1330,3.760667354,1.83120341,28.01593716,51.50169355,0.181916758
BAT1331,3.086288061,1.438150175,22.27942999,51.71915243,0.18292597
BAT1332,4.090806707,1.712402317,24.18603547,50.48741509,0.182033754
BAT1333,4.14931999,0.603555405,25.20459588,50.86962733,0.184273483
BAT1334,3.093254902,1.002183563,19.98906272,50.94095764,0.183794627
BAT1335,3.638832282,0.970554687,28.70412173,48.13815788,0.185047095
BAT1336,3.364037139,1.453467983,22.43393217,48.86743807,0.181498118
BAT1337,3.471406892,1.03393666,23.85700042,49.83387217,0.183019319
BAT1338,3.215581462,0.722760172,20.02825313,49.95404692,0.183348555
BAT1339,3.693686522,1.394700613,12.18833171,49.37498545,0.184811294
BAT1340,4.149575224,1.721575881,24.04486119,51.02305094,0.182413558
BAT1341,3.60368712,1.073185242,37.06307711,50.04908088,0.185931308
BAT1342,3.099497498,0.698403073,28.92302144,50.00156732,0.186572831
BAT1343,3.7440016,0.795032296,24.9036981,48.99985094,0.182322255
BAT1344,3.408267593,0.856224958,23.68554585,50.19872666,0.183418254
BAT1345,4.027110228,0.949846389,25.11232946,47.54771122,0.183436137
BAT1346,3.521613778,1.464192606,27.73559558,49.87656271,0.189864772
BAT1347,3.231407531,1.401418227,19.09593592,50.25079703,0.1838402
BAT1348,3.229326747,1.544119792,30.57160847,50.15476918,0.188155251
BAT1349,3.922517017,1.043752977,28.57690658,48.40770831,0.182366736
BAT1350,3.318705118,1.735996478,28.59092863,50.0961479,0.183020698
BAT1351,3.920680073,0.806131492,27.19237869,48.91988399,0.183726791
BAT1352,3.247064773,1.203561121,25.09808329,49.1200157,0.183508621
BAT1353,3.386023642,1.701408082,28.36430618,50.5043358,0.184764203
BAT1354,3.558584367,0.770237972,27.95907067,51.87076862,0.183982444
BAT1355,4.13183502,0.664794671,23.22979645,49.98217294,0.183861317
BAT1356,4.11807771,1.825525952,22.13199114,48.9886319,0.187916944
BAT1357,3.248246251,1.014394494,25.50928148,49.97699605,0.188147587
BAT1358,3.429862849,1.525805187,32.74510076,50.50052892,0.187698593
BAT1359,3.179279266,0.538022906,18.80446462,50.52912061,0.186947998
BAT1360,3.611982095,1.535070333,17.66237367,52.54340603,0.186185486
BAT1361,3.552699061,0.974151967,25.82380421,48.94685257,0.185105939
BAT1362,4.080912195,0.58361128,25.25443851,49.93389746,0.184293685
BAT1363,4.116006453,1.414719142,25.86670832,51.10426292,0.187025991
BAT1364,3.460280869,0.861205724,26.21976599,51.05883027,0.184052739
BAT1365,3.590085532,1.080210863,23.88398873,47.61644472,0.184512158
BAT1366,4.075483499,0.620871218,32.44931719,49.40682971,0.188905827
BAT1367,3.968049369,0.720744877,16.99548011,51.16283546,0.190501298
BAT1368,3.004387574,0.946965853,20.85751488,52.43813359,0.18758659
BAT1369,3.384071477,0.634639251,24.4837262,50.17903431,0.189112914
BAT1370,3.50612909,1.866239397,16.78405594,49.10724862,0.186508303
BAT1371,3.27565954,0.509070565,24.12072798,48.423933,0.184424652
BAT1372,3.239485939,1.225790328,33.30735083,51.36551658,0.188424343
BAT1373,3.045341408,0.684871187,25.10443244,50.06270728,0.188438579
BAT1374,3.77204367,0.961518634,26.15350453,48.40629547,0.187543337
BAT1375,3.315012349,1.88908934,18.69917617,49.07657911,0.187015249
BAT1376,3.062816614,0.74254183,21.91819296,49.60924069,0.189524421
BAT1377,3.277175173,1.94874848,23.1240181,49.66716864,0.185728534
BAT1378,3.962296743,0.808691565,23.41142452,48.30104656,0.186252439
BAT1379,4.021787018,1.612349163,31.40821898,48.31521951,0.185883787
BAT1380,3.579679494,1.320015897,27.7884553,47.34715101,0.188169946
BAT1381,3.499284804,1.826718091,19.44271022,50.12514029,0.185924214
BAT1382,4.173424432,1.330989883,26.23252389,48.62658451,0.186831516
BAT1383,3.240677592,1.301838829,27.49110874,49.38131715,0.186888489
BAT1384,3.258431139,0.793187001,30.70074519,50.29297627,0.187878783
BAT1385,3.350240612,0.749344043,32.90270343,49.01998352,0.185525251
BAT1386,3.207308782,1.874733727,19.92452904,48.8032186,0.18877441
BAT1387,3.455238718,0.991757298,20.94571244,49.14703638,0.191194607
BAT1388,4.093001072,1.058123382,18.71211071,49.02339648,0.189070983
BAT1389,3.738417409,1.639735488,23.8299007,50.01490408,0.191982642
BAT1390,3.494335858,1.008235224,27.33179187,49.04174359,0.191667996
BAT1391,4.121292953,1.92809367,29.93667258,48.0114753,0.19065547
BAT1392,3.058157079,1.606891653,24.62024488,49.71122939,0.189349372
BAT1393,3.252331413,1.396143864,23.40076238,49.90838506,0.189345001
BAT1394,3.679066326,1.821342741,25.75878996,47.21894626,0.1909276
BAT1395,3.738663148,0.574408863,20.82428549,50.28250154,0.188716659
BAT1396,3.047469008,0.885594038,35.44769361,48.75990072,0.185834958
BAT1397,3.483646509,1.197554501,16.96169486,48.98604146,0.190684008
BAT1398,3.778984758,0.840467809,25.92370289,49.53492397,0.187537863
BAT1399,3.837684656,1.615857781,35.1180311,47.66895737,0.187975718
BAT1400,3.765767883,1.878812047,25.03399922,49.33454415,0.190000448
BAT1401,3.384675869,1.13565518,24.04980482,48.06666507,0.18990975
BAT1402,3.112224148,1.0131989,23.21277289,46.96653813,0.187375849
BAT1403,3.512534936,1.942326098,24.09804159,47.3021771,0.190630983
BAT1404,3.154505325,1.167278649,31.86424237,48.75819928,0.192332279
BAT1405,4.13714839,1.233572601,13.94069044,47.56661475,0.188243317
BAT1406,3.570205039,1.027474809,32.66716851,49.73730409,0.193144967
BAT1407,3.380711009,1.86432271,17.88021424,49.49763105,0.187579658
BAT1408,3.919564885,1.353433225,23.66673835,49.54621122,0.195034648
BAT1409,3.597538311,1.643261881,22.8537779,48.29389364,0.190077479
BAT1410,3.372040829,1.717710078,27.94276635,48.28681941,0.191291234
BAT1411,3.974361291,1.012773563,17.00937824,47.09347533,0.187315933
BAT1412,4.040582581,1.150541497,27.31086333,49.03223284,0.191075728
BAT1413,3.8076098,1.772707662,35.12154812,48.16692177,0.191756964
BAT1414,3.056357307,1.044883028,18.18412998,48.73499472,0.191227676
BAT1415,3.679587456,1.6909027,25.94853084,49.60518153,0.190373838
BAT1416,3.915953894,1.911488484,21.69008911,47.34308827,0.189706871
BAT1417,3.163803615,1.43481556,27.12943603,47.73086198,0.193961053
BAT1418,3.274404902,1.612440931,25.09573889,48.17565843,0.191861614
BAT1419,4.058994126,1.707645968,21.79256545,46.9391683,0.194981505
BAT1420,3.024146066,1.767559473,27.43936142,47.5371515,0.190947035
BAT1421,3.903272565,1.092580007,34.02174055,48.12262504,0.191230411
BAT1422,3.568527951,0.576895189,24.04548104,47.52442281,0.193831188
BAT1423,3.536126591,1.102814407,28.59878971,48.98425123,0.18905405
BAT1424,3.008515839,1.510634345,18.53363521,46.29393484,0.189973073
BAT1425,3.983277877,1.175525579,20.21781812,48.896535,0.19469497
BAT1426,3.431789881,1.623444726,27.36203139,48.21635083,0.190256132
BAT1427,3.648918758,1.035473644,32.42058014,46.91304133,0.189061898
BAT1428,3.812760824,1.452116212,26.77806674,46.59772643,0.196537054
BAT1429,3.843155492,0.779629707,23.43470985,45.54504789,0.190112365
BAT1430,4.147176071,1.624054155,24.99645703,46.68355846,0.193368239
BAT1431,3.637607944,1.318543953,18.74796133,48.65051206,0.19323817
BAT1432,3.479663461,0.806096583,28.02257663,47.38208376,0.187578743
BAT1433,4.144444352,0.93786676,29.41166531,48.52927386,0.192765366
BAT1434,3.770532282,1.622913063,22.73954834,46.78044254,0.194296826
BAT1435,3.357780428,1.223901853,22.64978926,48.11819963,0.194208619
BAT1436,3.151757094,0.824047161,26.32939115,46.6290725,0.195407041
BAT1437,4.011065402,1.950906786,22.81640132,46.30765477,0.192925017
BAT1438,3.434617923,1.57268753,24.66933693,47.13595124,0.195225009
BAT1439,3.792563666,1.935702249,35.49860895,46.29431115,0.192521342
BAT1440,3.564979703,1.140657568,23.7648715,45.69972147,0.191179065
BAT1441,3.238715736,1.212650511,23.20829924,47.03324844,0.191504543
BAT1442,3.72202393,1.846932824,21.76229097,47.2565785,0.191275779
BAT1443,3.072819683,1.28757401,28.72095986,48.30435284,0.196319172
BAT1444,3.496010952,1.560918368,24.09387913,48.00709636,0.191370853
BAT1445,3.655937928,0.878259316,21.75313481,48.37440458,0.195048078
BAT1446,3.523256369,1.170089703,31.60652016,47.61765866,0.194068152
BAT1447,3.89840661,0.685174799,32.09801502,47.23766667,0.194494703
BAT1448,3.993509945,0.808970054,21.99788217,45.83482393,0.197527215
BAT1449,3.925491689,0.501415123,15.66730024,47.34010058,0.194023145
BAT1450,3.046575537,0.558897577,30.03756845,47.46296158,0.196223203
BAT1451,3.232954525,1.965925735,21.57685087,48.32121096,0.195175127
BAT1452,3.643929011,0.863530543,28.953128,47.48186981,0.194895962
BAT1453,4.121786449,1.494966064,15.14948091,48.21798901,0.199899938
BAT1454,4.00194813,1.758649548,29.46298669,45.60206475,0.192517317
BAT1455,4.01104141,1.325990689,18.94414035,46.53038398,0.198078264
BAT1456,3.363849833,0.72971675,28.6538206,47.12068289,0.196912813
BAT1457,3.515337476,1.592174656,25.07136534,47.80678557,0.19474095
BAT1458,3.564847137,1.400377115,20.2303029,46.58570325,0.199058637
BAT1459,3.1888459,1.596875884,22.96481844,46.54324438,0.19220378
BAT1460,3.037281756,1.654619934,28.43159228,47.16682002,0.194956467
BAT1461,4.136283479,1.963115552,25.52947227,45.35010159,0.193683036
BAT1462,3.288855103,1.36034492,27.9220649,48.06490266,0.197024167
BAT1463,3.287938684,1.012461669,34.88220292,45.44304867,0.194073872
BAT1464,3.100054865,1.472696835,17.17879194,44.68074175,0.197266128
BAT1465,4.114209302,0.602661064,33.08606287,46.34735867,0.196127127
BAT1466,3.695684538,1.846095977,25.52177969,48.03179547,0.195641292
BAT1467,3.800444229,0.679071517,20.50607976,47.10590989,0.197477294
BAT1468,4.093892265,0.991764257,18.34843187,47.25153514,0.196262757
BAT1469,3.414744203,1.723618071,24.05439805,46.32363042,0.19472273
BAT1470,3.745808773,1.395968567,29.60825056,46.02066043,0.202602746
BAT1471,3.046559346,1.09045328,24.3622544,44.732706,0.196125666
BAT1472,3.224127034,1.210153489,32.55577465,43.81149527,0.192764782
BAT1473,3.997494966,1.78182109,17.74412155,46.47532737,0.195615803
BAT1474,3.920122028,1.010006579,24.93955526,47.4939848,0.194865447
BAT1475,3.42077123,1.804474527,18.73803278,46.53926137,0.199152291
BAT1476,3.452172753,0.632201646,26.81815941,46.74346096,0.198243305
BAT1477,3.64026532,1.665197656,29.43443695,47.51706344,0.198497426
BAT1478,3.000289206,1.77132145,22.89619103,46.3513755,0.197059955
BAT1479,3.289493203,0.772726479,11.97893072,46.18726907,0.1973413
BAT1480,3.24987817,1.145519799,25.99474073,45.14291525,0.197258138
BAT1481,3.300579536,0.748249662,27.18369276,47.96871261,0.197937614
BAT1482,3.967087011,1.559906193,27.02147377,46.36423916,0.199870667
BAT1483,3.335608628,1.303021652,31.17891096,44.80574259,0.198972151
BAT1484,3.229825586,1.45298502,19.6447316,44.7629777,0.199400226
BAT1485,3.605116153,0.79473045,28.40108053,47.04702199,0.199499118
BAT1486,4.038774044,0.817618793,30.96253756,44.67211359,0.200368885
BAT1487,3.289619645,0.562245988,16.10706208,47.85515183,0.1992763
BAT1488,3.094243491,0.983101303,26.59825913,42.9620616,0.199517696
BAT1489,3.427685683,1.339616992,22.47910084,47.15696798,0.201277612
BAT1490,3.897182189,1.786902371,24.59238663,46.10339072,0.197669908
BAT1491,3.660828654,1.500391171,26.73838242,45.6899395,0.197388515
BAT1492,3.980152043,1.153094485,22.56385718,45.48322538,0.196828157
BAT1493,4.151510577,1.929680172,21.6214596,47.4597222,0.199665829
BAT1494,3.951194972,1.578867801,25.17076209,46.20926614,0.195692536
BAT1495,3.724563695,1.895247804,19.56377031,44.64862583,0.200424308
BAT1496,3.592009906,1.29138196,19.57087436,43.86228491,0.199381614
BAT1497,3.048082904,0.888356412,28.39686641,45.5913963,0.201969279
BAT1498,4.181186375,0.57924003,19.25602982,45.59587841,0.198456165
BAT1499,3.460177347,1.589127277,28.3315625,43.7637048,0.199493363
BAT1500,3.182673857,0.681954497,27.31295646,45.30839198,0.202244407
BAT1501,3.800050626,0.954162692,16.37096636,44.9505937,0.202866271
BAT1502,3.341145947,1.298706362,21.61217674,45.36366425,0.198839695
BAT1503,3.702933925,1.346624882,30.97054702,45.85746355,0.200663562
BAT1504,3.704121489,1.400874795,20.09417234,46.80537798,0.200988838
BAT1505,3.534875785,0.749382996,22.67797869,46.20425629,0.201247307
BAT1506,4.003342339,1.069606107,27.31030447,44.41838443,0.200074849
BAT1507,3.317960474,1.425791341,28.91695255,45.41011616,0.203262767
BAT1508,3.53835911,1.954728297,23.74230557,45.1240353,0.197020593
BAT1509,3.645230554,1.591446707,22.01244903,43.76885301,0.20005774
BAT1510,3.796349665,1.883905636,32.11184931,45.23710991,0.201895861
BAT1511,3.940766221,1.643318087,33.69449832,46.65708488,0.20201445
BAT1512,3.473768739,1.387575453,29.89429025,44.90354779,0.203905518
BAT1513,3.775256333,0.788035054,25.42659071,43.39537733,0.203696451
BAT1514,3.180733144,1.500028478,20.95867139,45.00711909,0.200828917
BAT1515,4.119177721,1.435069349,20.84777797,43.74098394,0.204099742
BAT1516,3.459670568,1.403703756,27.61257053,45.65527486,0.200171917
BAT1517,3.875425706,1.234678802,27.0919911,45.31298152,0.203561775
BAT1518,3.024409298,1.292984906,32.00799296,44.48218948,0.205421045
BAT1519,3.246224571,1.001663791,28.25225046,44.39531645,0.204329888
BAT1520,3.584499053,1.278969039,17.48459849,44.67100372,0.202211541
BAT1521,4.053902961,0.796333859,30.25973809,44.65340861,0.201436442
BAT1522,3.63270618,1.707761596,20.00969686,43.95589307,0.199142817
BAT1523,4.115844579,0.778665432,23.08014364,43.34101219,0.202921079
BAT1524,3.580556276,0.627449435,26.25100103,45.78830573,0.200169566
BAT1525,3.588538916,1.15436904,34.97833745,44.00610475,0.200913731
BAT1526,3.143696146,1.487461159,40.54959278,44.38295271,0.200218508
BAT1527,3.963187493,1.156575237,28.0336153,44.75373845,0.201779215
BAT1528,3.296358495,0.915131198,24.08401691,44.86275267,0.202744061
BAT1529,4.079534987,1.337256776,27.67252824,43.2220713,0.203447229
BAT1530,4.092989064,1.020503503,29.43827713,42.68554993,0.201798987
BAT1531,4.131972134,1.899301535,23.39666187,43.77479108,0.205238567
BAT1532,3.624276587,1.883967709,33.97605678,44.51828219,0.202783589
BAT1533,3.812512542,1.25355773,26.1503538,43.58331797,0.201724555
BAT1534,3.934219056,0.991825991,27.48871545,43.92489511,0.203852585
BAT1535,3.157217542,1.605698621,28.32962126,46.29805175,0.207427106
BAT1536,3.721148634,0.555069415,27.10793305,42.42397094,0.204270321
BAT1537,3.041157482,1.212153509,29.1947025,43.37606139,0.202974289
BAT1538,3.5970793,1.004485091,21.91373407,46.16323058,0.200745077
BAT1539,3.185811218,1.880803828,22.20849123,44.09764629,0.203461175
BAT1540,3.219507511,0.518004541,19.49922884,43.595871,0.204469856
BAT1541,3.43805708,1.329222314,27.19750615,45.20468434,0.203324838
BAT1542,3.5189246,1.610995372,28.89468252,43.99817216,0.200869231
BAT1543,3.747806909,1.227526981,27.28886433,43.63424422,0.202598869
BAT1544,3.089314102,0.628104545,33.37246217,44.08234006,0.207309077
BAT1545,3.604430113,1.958692085,24.97201991,43.23596121,0.207368002
BAT1546,3.219150156,1.277015647,28.34370828,42.84646217,0.202826722
BAT1547,3.68877021,1.421279366,19.54149562,43.88112407,0.206045514
BAT1548,3.764885535,0.854914674,23.06450149,42.93905083,0.202442854
BAT1549,3.668051108,1.225247128,28.47768879,43.7845951,0.207708633
BAT1550,3.885954613,1.143724238,29.24551055,44.09025574,0.205490472
BAT1551,3.402731093,0.612343763,23.53016526,44.72550666,0.206999283
BAT1552,3.91812791,0.65924053,24.64200374,44.94259737,0.201769813
BAT1553,3.519320498,1.756208779,17.41063127,43.41301968,0.206655274
BAT1554,3.581021398,0.859729928,23.214854,44.26088794,0.205384652
BAT1555,3.777722553,0.792437407,29.45191582,44.10513906,0.207203858
BAT1556,3.022030061,1.257367177,27.87602508,43.89461397,0.207429736
BAT1557,3.784793066,1.653120697,27.50332861,43.02436977,0.205831569
BAT1558,3.742302179,0.592919778,25.24886844,42.59602655,0.204598341
BAT1559,3.37181654,1.365211879,25.03531579,44.02229452,0.207459392
BAT1560,3.102953142,0.678815664,21.6983943,41.91796509,0.205879691
BAT1561,3.10912254,0.554691576,28.4941421,43.20264319,0.20435443
BAT1562,4.107868496,0.579115928,27.10486472,40.91135277,0.204359696
BAT1563,3.827135185,1.751246162,27.46009424,41.97342233,0.203345671
BAT1564,3.152523137,0.676958725,22.36982579,42.61108406,0.205379418
BAT1565,3.428067803,0.567727047,14.2332854,44.72775584,0.208705384
BAT1566,3.710979593,1.156849831,30.48576356,43.90433802,0.20695566
BAT1567,4.002686046,1.765990208,22.60581272,42.72814103,0.205640465
BAT1568,3.052393114,0.893612565,20.68612118,44.10623837,0.208409712
BAT1569,3.283959758,1.132568926,28.46739456,44.05413224,0.205235047
BAT1570,4.067698788,0.559883799,23.0399368,43.14082443,0.207190701
BAT1571,3.01099866,1.173617771,30.29968192,41.67970571,0.206740739
BAT1572,3.241678923,1.366419621,28.08502975,42.85034781,0.208758261
BAT1573,4.150829011,1.356360581,28.41784662,42.92388122,0.204145543
BAT1574,3.736082216,0.998640038,18.17022144,41.99920825,0.205699605
BAT1575,3.31400564,0.973299771,31.05971993,43.31261849,0.204223509
BAT1576,3.080389313,0.659935428,26.30625266,43.32095486,0.207080807
BAT1577,3.033829609,1.050197481,23.1536143,43.47937832,0.210122855
BAT1578,3.293694096,0.649242003,25.71694234,43.27125429,0.206789106
BAT1579,4.057782984,1.649893917,16.11882384,43.78323852,0.206878632
BAT1580,3.499096385,1.949411447,27.04326406,42.59479454,0.209743449
BAT1581,3.864400043,1.955111685,19.85314246,43.08830825,0.210237099
BAT1582,4.101942042,1.797606649,18.23664857,42.50603193,0.208022858
BAT1583,3.489648554,1.401188224,17.38820407,42.34505295,0.20966943
BAT1584,3.229532845,1.551298546,30.56344187,43.95845574,0.206246091
BAT1585,3.620541517,0.927808704,21.85368303,40.78215184,0.211255949
BAT1586,4.089700424,1.44615563,32.66863855,43.40371751,0.212897413
BAT1587,3.965249297,1.183474324,22.32099268,42.108809,0.209742432
BAT1588,3.078995812,1.22302601,16.46321021,42.06168401,0.204631337
BAT1589,3.83108736,1.636664841,19.4173778,42.94202479,0.207783539
BAT1590,3.686277027,0.922877533,31.1790581,40.99615569,0.210225651
BAT1591,4.088955812,0.977059418,24.22050911,41.77266842,0.208257034
BAT1592,3.1469777,1.886962687,22.25856352,41.65697434,0.211744397
BAT1593,3.640843336,0.584336442,25.80009113,42.31332223,0.210476315
BAT1594,4.055355232,1.228451448,27.50891368,41.60116979,0.207987049
BAT1595,3.492028544,1.869201201,30.58699408,43.84996505,0.20956453
BAT1596,3.578393901,1.415544512,32.24249615,44.02729449,0.207812334
BAT1597,3.084552813,1.319610611,23.20115677,40.36788112,0.20933483
BAT1598,3.333772369,0.874616269,18.36976157,43.0445017,0.208690814
BAT1599,3.389407979,1.014913234,22.93267419,43.22273201,0.212249524
BAT1600,4.134146938,1.778072624,26.30140253,42.73254131,0.214232024
BAT1601,3.339200833,1.338827198,20.18120537,41.66694965,0.207237623
BAT1602,3.553042482,1.272113291,20.21424543,42.05615724,0.206353567
BAT1603,3.805565308,0.64936957,26.71893941,41.45333822,0.209809655
BAT1604,3.194620047,0.524042235,24.75673824,41.80230569,0.207363169
BAT1605,3.583730865,1.945527783,25.16398498,40.8314918,0.210592423
BAT1606,3.886246847,1.065479251,21.20752333,42.0629832,0.212097872
BAT1607,4.040226256,1.404819593,23.84799643,40.55740844,0.213688284
BAT1608,3.75151113,0.61957261,20.37883428,41.97716566,0.211202789
BAT1609,3.802864218,1.524671429,29.45099206,40.62594813,0.21051369
BAT1610,3.151540167,1.898850063,30.17624667,41.99860637,0.20704323
BAT1611,4.134931797,1.363497879,15.76906069,41.42323303,0.21115237
BAT1612,3.159088893,0.689172984,20.3524457,42.33818189,0.211342575
BAT1613,3.929607525,1.372582291,17.51735372,43.08672784,0.212577914
BAT1614,3.317779586,1.64952082,21.74988033,43.45143483,0.209983024
BAT1615,4.120311772,1.109624805,24.58281015,39.30049998,0.210629895
BAT1616,3.863951447,1.819756622,17.7517739,41.0291042,0.208643995
BAT1617,3.904576456,1.47302443,20.39070093,41.51129357,0.207117414
BAT1618,3.262871008,1.848873377,19.98021314,42.21451951,0.209583006
BAT1619,3.531647972,1.435257967,26.03633665,39.99326394,0.208759348
BAT1620,3.741375834,0.696931958,25.34672169,40.71833912,0.212673425
BAT1621,3.923968342,0.964537567,21.39131223,41.85232504,0.211063732
BAT1622,3.124751251,0.802692422,25.88410436,41.70237394,0.211123526
BAT1623,4.15483838,1.863239747,22.26659958,41.93058915,0.210331174
BAT1624,4.068264805,1.640600101,23.64172445,41.96059812,0.205934869
BAT1625,3.324418309,1.514597553,33.36726045,41.64279705,0.215516621
BAT1626,3.987312292,0.951449479,31.70230526,41.55666302,0.210599459
BAT1627,3.621988708,0.776067158,18.50209382,41.66948162,0.21187516
BAT1628,3.554167778,1.634676632,29.14866209,41.94890479,0.209890216
BAT1629,3.377320927,1.211236919,29.05698277,39.05818926,0.214843861
BAT1630,3.697162304,0.838684328,19.25868356,43.04425982,0.213286858
BAT1631,3.875866941,1.424932967,29.09388822,39.00930899,0.211447269
BAT1632,3.493119486,0.560500778,32.68965959,40.11835116,0.212415541
BAT1633,3.755063032,0.989255381,19.38727597,41.16311904,0.21665636
BAT1634,3.839175505,1.202835492,20.41248589,41.98982566,0.213254061
BAT1635,3.85334618,0.721937501,30.08830733,38.14571488,0.213136533
BAT1636,3.062359318,1.976981716,26.35747655,41.03116576,0.211717237
BAT1637,4.031697367,0.813646047,27.75738138,41.9092172,0.209910838
BAT1638,3.549903978,0.695529695,26.70294608,42.11343773,0.213479923
BAT1639,3.314899298,0.805302311,26.9534796,40.37479961,0.21455097
BAT1640,3.290117409,1.6535917,18.36763936,40.82737993,0.216199169
BAT1641,3.579616935,1.138258489,30.23658853,40.29542,0.209603007
BAT1642,4.064197847,1.34812391,30.84794996,40.45487876,0.211949807
BAT1643,3.454017098,0.531513735,23.85304628,40.0064855,0.213138518
BAT1644,3.899670896,0.551646963,24.78261525,40.09765522,0.214393038
BAT1645,3.116182477,1.168738325,17.34446249,41.47753874,0.214209933
BAT1646,3.571268043,1.724982865,27.57127378,40.88381752,0.214356623
BAT1647,4.190023368,1.827858318,27.86028721,41.19692232,0.215516192
BAT1648,3.924525363,0.630059851,24.68904492,41.07175687,0.212993414
BAT1649,3.252634186,1.307544653,30.6217668,41.34488062,0.216768283
BAT1650,3.601729768,1.869844529,23.32961385,41.57757203,0.215866905
BAT1651,3.280349716,1.081959132,27.82302963,38.91576506,0.214460335
BAT1652,3.491473113,1.744348747,19.90167831,39.864564,0.218401816
BAT1653,3.936100828,0.700543482,24.88223925,40.46147139,0.218412832
BAT1654,3.925469778,1.903091735,24.12822871,40.53420007,0.217265791
BAT1655,3.273720453,1.627134976,26.12653961,39.84362183,0.209462886
BAT1656,4.106667982,1.912001589,23.15236536,41.42593873,0.21875789
BAT1657,3.711081819,1.51492585,24.34263702,42.47897187,0.217289517
BAT1658,3.455909149,1.045105898,29.13023586,40.60562226,0.219812817
BAT1659,3.602322697,1.907271759,22.81617881,40.51307316,0.218374929
BAT1660,3.726085504,0.913350164,16.9671145,41.46376957,0.219156685
BAT1661,3.671868638,0.998258783,33.74791952,38.37357481,0.21785731
BAT1662,3.583686043,1.551212627,31.90727039,40.2186098,0.218897386
BAT1663,3.605919365,1.647974449,18.53868652,41.39608135,0.220288247
BAT1664,3.211694293,1.894105226,28.44853903,39.52029104,0.216833109
BAT1665,3.975279485,0.807203614,22.48512615,39.134053,0.213355539
BAT1666,3.650112384,1.696997053,26.31743608,39.97839302,0.215985078
BAT1667,3.157295834,1.60781908,26.47112065,40.07856837,0.217479891
BAT1668,3.919388522,0.595691834,23.827961,39.35388897,0.216949775
BAT1669,4.118932774,1.080834712,21.08117167,42.33433604,0.214406876
BAT1670,4.136768279,0.924148186,21.54729474,39.73503706,0.213737865
BAT1671,3.442821279,0.956735637,20.41904042,39.04859339,0.215617675
BAT1672,3.162620248,1.974420319,20.84088896,39.9676394,0.218815479
BAT1673,3.622079552,1.46416612,24.66410855,40.91289628,0.22046068
BAT1674,3.135131075,1.576514237,21.42120005,40.04528762,0.219233135
BAT1675,4.120784902,1.964926456,28.41026033,40.30405969,0.219614855
BAT1676,3.220295553,1.065802674,32.43623078,38.92556345,0.217438369
BAT1677,3.303319032,1.702760253,22.09973379,41.39701244,0.214215835
BAT1678,3.487963832,1.151796445,26.1970225,40.41340187,0.216889559
BAT1679,3.459797362,1.804300508,27.49842555,40.77733064,0.217382471
BAT1680,3.953595471,0.770986312,27.36001135,40.17010658,0.217005895
BAT1681,3.547580185,1.921529266,25.37977634,40.52359803,0.21820939
BAT1682,3.204921912,0.828157563,28.71341209,38.83754398,0.21908284
BAT1683,3.320651875,0.98933076,27.41124476,39.19833072,0.22000603
BAT1684,3.610936062,1.634288351,18.81168789,41.11293614,0.21784376
BAT1685,3.176944701,1.090632712,29.34578032,41.1391007,0.214692481
BAT1686,3.733986811,1.412317065,29.43645419,38.36753119,0.217634245
BAT1687,3.678896768,1.166860252,21.18356948,39.92315665,0.218787421
BAT1688,3.85764278,1.613554906,25.18968918,39.0869058,0.221245616
BAT1689,4.125245538,0.842496879,28.41664496,38.80260616,0.217764384
BAT1690,4.094705473,0.587686981,23.9534309,39.8684444,0.220025087
BAT1691,4.135290742,0.949894096,30.36489024,40.52933999,0.219680176
BAT1692,3.293658716,1.211462997,36.81936247,39.65401592,0.219287801
BAT1693,3.157878368,0.752030078,21.07006984,39.21299332,0.221161067
BAT1694,3.362732041,1.032195934,18.09477698,40.04807986,0.218078318
BAT1695,4.074102207,1.099974527,26.51909298,38.96720242,0.218349627
BAT1696,4.16646417,0.586087766,28.60781253,39.71813173,0.219576198
BAT1697,4.031189941,1.374960872,23.84566813,40.68806372,0.218419707
BAT1698,3.132021265,1.826515142,32.26630332,36.97009569,0.220816025
BAT1699,4.136913598,0.727614369,18.306971,40.2028103,0.218473615
BAT1700,3.508029633,1.39671202,28.46459312,37.56566725,0.220452608
BAT1701,3.011172349,1.497108807,21.9706959,40.42211498,0.219899654
BAT1702,3.530872489,1.129002021,33.59688953,38.33027575,0.220629852
BAT1703,3.055283004,1.551646381,34.96257677,37.64927954,0.219380517
BAT1704,3.652653505,1.116097315,21.16671706,39.85092043,0.219721823
BAT1705,3.406264833,1.256955932,22.25221432,39.45325411,0.220692019
BAT1706,3.56812192,0.511029567,29.29793943,37.99280437,0.221004149
BAT1707,3.735804433,1.537580171,23.06434675,37.73023786,0.220691596
BAT1708,4.042561315,1.492014018,24.77294391,38.7353708,0.224210725
BAT1709,3.794281892,0.557601316,25.1269421,37.77435709,0.218918526
BAT1710,3.520858642,1.052375161,15.40163422,38.03123074,0.220871592
BAT1711,3.983313424,1.968547761,24.93081127,38.89535505,0.217952742
BAT1712,4.086698565,1.131104844,21.55136113,37.93442772,0.221944163
BAT1713,3.14371196,1.252918108,22.53438589,39.26422907,0.219069507
BAT1714,3.638319573,1.864895237,32.21816002,40.04219287,0.220843379
BAT1715,3.341414352,1.575892814,18.71746553,38.67164114,0.220755871
BAT1716,3.056473437,1.373105197,29.06602593,38.73288875,0.222161782
BAT1717,3.802256034,1.696707022,23.60518535,40.66692509,0.220594418
BAT1718,4.035324933,1.7965494,23.60119916,37.4205572,0.220609389
BAT1719,3.195483185,1.185332108,28.95185948,39.72273696,0.224771713
BAT1720,3.974896389,1.212662547,26.70025647,39.61389375,0.222569134
BAT1721,4.02407488,1.079076403,27.85306499,39.35689175,0.220977898
BAT1722,4.097208531,1.95005921,29.8409233,39.63670307,0.221698333
BAT1723,3.318342107,1.545749381,23.34345808,38.76514718,0.22559071
BAT1724,4.084743678,0.624834599,21.93881633,37.99106417,0.22192967
BAT1725,3.384795306,1.794439435,19.57424737,39.56813544,0.221121447
BAT1726,3.662805616,1.220839911,20.87294735,39.60702834,0.221230008
BAT1727,3.060608965,0.60313086,39.74547213,39.23305891,0.221601747
BAT1728,3.052657306,1.324575883,31.2233979,38.23978298,0.221611005
BAT1729,3.864447855,1.125746418,18.24462817,37.72778407,0.220340704
BAT1730,3.533375974,1.816624107,18.38771022,38.53263122,0.2207516
BAT1731,3.30755085,0.805991905,27.40933031,39.17337003,0.221441359
BAT1732,3.228496195,1.739696914,27.73632399,39.12482209,0.224383142
BAT1733,3.803944189,1.336533037,27.74441918,37.68018976,0.222537525
BAT1734,3.000481853,0.581915455,23.72522103,38.55032605,0.222985677
BAT1735,3.967069403,1.957767952,24.3727287,36.74488142,0.226040176
BAT1736,3.095099527,1.268922866,26.63939762,39.03140337,0.226190014
BAT1737,3.229787538,0.936315281,25.42946503,37.28984677,0.22313575
BAT1738,3.463483674,1.204110263,13.90349814,39.03139402,0.222538273
BAT1739,3.581830488,1.786786675,23.85100185,36.80886008,0.222171139
BAT1740,3.425994139,0.957354687,20.74296783,39.1039286,0.225385552
BAT1741,3.384854598,0.789014595,25.87605709,38.2777647,0.223690586
BAT1742,4.156699214,0.69360687,39.92629501,36.87235285,0.22342701
BAT1743,3.769895617,0.946789098,26.83740833,38.5507719,0.222672671
BAT1744,3.028119546,1.670072131,23.43235157,37.23407254,0.222860667
BAT1745,3.51621109,1.207439548,29.60900751,38.46596573,0.225140116
BAT1746,4.05001044,0.841222406,27.41343944,37.49207905,0.221969123
BAT1747,3.361747424,0.749277499,27.10047245,36.02984441,0.226689737
BAT1748,3.113467614,0.999094215,28.03425297,36.69406563,0.223732311
BAT1749,3.910061726,1.909886559,35.28271782,36.97926668,0.224600728
BAT1750,3.727216598,1.014540069,19.34555782,39.15539673,0.222326044
BAT1751,3.684375009,1.982186114,27.36816038,38.40038358,0.225075268
BAT1752,3.064291872,1.227845684,20.36809435,39.30778606,0.224543358
BAT1753,3.168598812,0.768745877,27.77756323,39.20453023,0.225199839
BAT1754,3.747059275,1.836710138,20.40656744,37.02601788,0.228343418
BAT1755,3.24938861,1.19053306,22.91316593,37.35601818,0.225855396
BAT1756,3.604884096,1.564507015,23.52455043,37.05285107,0.224010682
BAT1757,3.653858023,1.975567375,29.8790836,36.59367516,0.22427736
BAT1758,3.340208628,0.575263025,29.59227222,35.53870961,0.226990262
BAT1759,4.138110187,0.64504184,18.77141312,37.54414822,0.228497387
BAT1760,4.010956928,1.580685112,25.27467055,36.01895361,0.226563836
BAT1761,3.866848209,0.922737505,21.45210073,37.38184665,0.227477425
BAT1762,3.09359264,0.776452095,18.70747545,39.57056397,0.227419475
BAT1763,3.127356023,0.55904282,23.91491475,36.83229422,0.229138129
BAT1764,3.591337615,0.532770068,23.45758606,37.51744161,0.22250082
BAT1765,3.192856019,1.661728405,37.13358243,37.81215509,0.227834438
BAT1766,4.173918556,0.701650141,27.16479913,37.45043677,0.228567472
BAT1767,3.190224281,1.201580924,18.1119125,37.56295002,0.224022553
BAT1768,3.584961403,1.408845223,22.17612998,36.77530874,0.225028664
BAT1769,3.436945268,1.142527701,30.10691648,36.74310577,0.225198435
BAT1770,3.767263706,0.540659979,35.44221386,35.93771101,0.22554242
BAT1771,3.154843691,1.675252254,17.07008344,37.9670073,0.226136566
BAT1772,3.516379714,0.515769837,15.60037807,35.49407079,0.227685206
BAT1773,3.329646039,1.642834842,34.35482588,37.68811354,0.229031349
BAT1774,4.06530183,1.839956741,26.94807089,35.41100837,0.229562634
BAT1775,3.048702855,1.149259882,20.65853634,37.94143346,0.225824354
BAT1776,4.096472993,1.30331371,27.67314543,36.43857057,0.225910594
BAT1777,3.999592966,1.215475089,11.8212613,35.85560084,0.230331644
BAT1778,3.35708486,1.083812928,25.01687753,37.38528237,0.229093488
BAT1779,3.947148786,1.831136803,26.63910586,37.59683503,0.22806573
BAT1780,3.037456272,1.840900266,29.6213507,36.13862874,0.228946673
BAT1781,4.16023866,1.003724547,19.93052024,37.54411367,0.228040392
BAT1782,3.631913931,1.422604631,25.42843581,34.35583427,0.229249169
BAT1783,3.363937231,1.890361343,20.37287687,35.34392036,0.227627867
BAT1784,3.435099855,1.943087748,26.27691878,37.80283489,0.22893761
BAT1785,3.079686424,1.263438561,20.52326839,36.43905782,0.225478908
BAT1786,4.187219417,1.179237208,22.9594958,34.72947297,0.227224431
BAT1787,3.047150334,0.918041474,20.02092303,35.94697518,0.227345978
BAT1788,3.785888548,1.93830781,28.25568121,35.42498353,0.22805122
BAT1789,3.531283113,0.714221457,29.29225558,36.25336427,0.227046973
BAT1790,4.138699462,1.369744364,23.82689715,36.06159516,0.227932913
BAT1791,3.295199688,0.923825401,25.19118997,36.59784959,0.226071172
BAT1792,3.638504189,0.918512436,17.75704293,36.46793213,0.230297401
BAT1793,3.57882745,1.107452881,23.50161676,37.7326184,0.229134973
BAT1794,3.843439733,1.998189404,24.74897691,36.65267379,0.225989585
BAT1795,3.081612278,0.58244946,38.10396546,36.52953834,0.22783034
BAT1796,3.232546956,1.367812727,19.44016487,37.50103125,0.230273203
BAT1797,3.257477784,0.623858237,32.32088619,35.73315452,0.228613956
BAT1798,3.885780906,0.731781245,29.98429387,34.86525391,0.228406117
BAT1799,3.226966436,1.159344413,26.40318202,37.33223653,0.229750815
BAT1800,3.688190117,1.265690197,33.79310242,36.07194431,0.230687195
BAT1801,3.258292585,0.888188613,26.86052736,36.22112518,0.227227295
BAT1802,4.03394994,0.974685696,26.94579598,35.40735913,0.231300257
BAT1803,4.130622545,0.63045053,24.73439673,35.47175578,0.228699413
BAT1804,3.62219157,0.954829676,31.11784441,36.74449754,0.230364144
BAT1805,3.422770661,1.949837659,30.48234617,36.76491154,0.23042916
BAT1806,3.28086933,1.917061073,21.87161356,36.70884323,0.229545868
BAT1807,3.059737202,1.002317435,18.40376403,36.84808495,0.228652681
BAT1808,3.322200091,1.356280904,23.98509681,36.44640246,0.230228627
BAT1809,3.785082936,1.864393087,20.99980718,35.9870632,0.234150661
BAT1810,3.640340318,0.509275734,24.68237713,35.7112945,0.22827665
BAT1811,4.132849534,1.716025356,31.18719067,36.81550059,0.234484626
BAT1812,3.475532715,1.922554329,22.71349172,35.34955113,0.230680558
BAT1813,3.832636011,0.636988602,24.78588309,36.14963454,0.231370743
BAT1814,3.587187297,0.742171529,25.29011367,34.9243144,0.229226578
BAT1815,3.615091459,1.941119454,29.24215441,34.83936814,0.229957461
BAT1816,3.321329178,1.306310215,13.76555333,35.60480133,0.230594181
BAT1817,3.545940932,0.521294952,21.96649853,34.92077632,0.22960861
BAT1818,3.564941996,0.886447998,26.05641846,36.3735294,0.231382164
BAT1819,3.847971026,1.174915511,31.00039478,34.06919402,0.231085968
BAT1820,4.128767999,1.539363367,22.54048776,35.61848862,0.235701562
BAT1821,3.395185533,1.599740567,15.61723647,35.75347216,0.229768052
BAT1822,3.050640562,1.993132269,28.09855723,33.49047707,0.232405381
BAT1823,3.595554151,0.931266799,21.82318806,35.06122531,0.232795693
BAT1824,3.653353599,1.307330153,19.0516667,35.74505172,0.230259359
BAT1825,3.202128661,1.299985322,21.87827305,35.83156188,0.233873655
BAT1826,3.912557528,1.108467889,24.07737321,35.14297616,0.231803346
BAT1827,4.18191493,0.753742841,21.97627668,36.07094615,0.227715221
BAT1828,4.13492966,1.966184845,13.97216971,35.29286016,0.234119699
BAT1829,3.236527247,1.77997578,29.48533098,35.09346794,0.230666118
BAT1830,4.050435888,1.247499542,31.37437521,35.31621695,0.23090445
BAT1831,3.845392364,1.404868134,28.25760996,36.00744287,0.234475804
BAT1832,3.544615877,0.84089158,19.31157165,34.60932576,0.232505677
BAT1833,3.648733193,1.315680606,23.99254233,34.62640607,0.235135544
BAT1834,4.01952021,1.5424552,24.96739342,34.37143985,0.235820332
BAT1835,3.576161928,1.272750543,27.99397195,34.6438608,0.232210143
BAT1836,3.447848843,1.985427756,28.34170244,36.29335411,0.235186525
BAT1837,3.591896992,1.417012484,21.32913101,35.60622218,0.232189078
BAT1838,3.694955765,1.056460569,25.40997778,33.82612982,0.238266232
BAT1839,3.226893185,1.658228041,27.28640202,34.2283522,0.232514086
BAT1840,4.081089276,0.755693767,32.27911161,35.16125085,0.236052175
BAT1841,3.809024339,1.076773721,28.5225327,33.89428504,0.23578758
BAT1842,3.759922701,1.020438426,28.94528344,34.04191729,0.234832176
BAT1843,3.119395471,1.147710643,25.41913314,36.13929917,0.232958914
BAT1844,3.725008726,1.672669739,32.05229573,33.96509149,0.234097205
BAT1845,3.145152795,1.226259548,27.04881398,35.64713175,0.230192824
BAT1846,3.09443721,1.691021675,20.69456045,35.99768452,0.23504884
BAT1847,3.632773075,1.364733355,32.01684985,33.78437022,0.235399231
BAT1848,3.483342641,1.013104152,28.48951636,33.70286766,0.235066999
BAT1849,3.706572324,1.714968116,22.78477989,34.32989516,0.228953388
BAT1850,3.107066602,0.857434506,22.60253516,33.57608687,0.232468727
BAT1851,3.517179675,0.83657447,26.48287773,34.67951709,0.233603818
BAT1852,3.209744058,1.256754386,27.31592398,34.26344224,0.235783318
BAT1853,4.184520103,0.891273869,25.98646133,34.86210171,0.235878678
BAT1854,3.673380255,0.513630552,26.55654337,35.89411846,0.235059552
BAT1855,3.824924233,1.472446291,33.49978687,35.04920454,0.236770491
BAT1856,3.390501937,1.266640732,30.35771576,34.7736727,0.233547515
BAT1857,3.113686698,1.168276722,25.95317796,32.38560343,0.23692047
BAT1858,4.171045035,1.950452772,29.7065529,34.61103487,0.236749484
BAT1859,3.343510842,1.356798776,19.83738048,36.11632792,0.236655109
BAT1860,3.508569822,1.795147367,26.98963525,31.1655907,0.235635919
BAT1861,3.779836706,0.709175354,34.04653175,34.80224831,0.239761488
BAT1862,3.029636757,1.353809695,23.90977052,34.06107265,0.237186391
BAT1863,3.972310957,1.80196944,20.76183036,33.3580731,0.234363328
BAT1864,3.643893828,1.374658636,21.73955556,35.00146768,0.236896611
BAT1865,3.333860624,1.577021267,19.55183481,35.90285796,0.238004967
BAT1866,3.073929582,1.058065352,21.07619046,34.95908644,0.235423783
BAT1867,3.194998099,0.638674276,23.14745951,33.78247305,0.238878544
BAT1868,4.074040631,1.186850443,17.9721649,33.22817938,0.237564067
BAT1869,3.823229069,1.091719086,25.07809167,34.15296775,0.232215043
BAT1870,3.299882066,1.800590274,29.51138587,34.69125309,0.237599344
BAT1871,3.078720918,0.865992954,20.4612191,33.67479091,0.236287942
BAT1872,3.828738375,1.950101341,32.59641962,33.38964353,0.23827436
BAT1873,3.686889271,1.93720718,27.55396044,36.57346318,0.23918843
BAT1874,3.485423429,0.871447465,30.15290293,34.85401019,0.237790324
BAT1875,3.436333739,1.022077933,21.71082723,35.04856395,0.240830504
BAT1876,3.260177131,1.843333611,29.27262614,32.17408676,0.237242586
BAT1877,3.803533508,1.949933331,19.5403305,33.08046923,0.238949636
BAT1878,4.164801633,1.165158654,29.4512375,33.71189856,0.239409885
BAT1879,3.210858295,0.981495568,25.8591967,32.69558655,0.237705308
BAT1880,3.716539944,1.28914102,27.7662561,35.1975161,0.239557549
BAT1881,3.509022067,1.53165381,19.12202697,35.12536521,0.236910654
BAT1882,3.536026466,0.910211773,20.52465079,33.18490046,0.237354863
BAT1883,3.304976736,1.604709762,27.98614109,35.25298634,0.235675023
BAT1884,3.990161851,0.577486036,20.25825998,33.69139754,0.238882818
BAT1885,3.582306725,0.573941739,27.31603146,36.11354064,0.239150503
BAT1886,3.652087023,1.079431558,18.16431097,33.77062513,0.240958526
BAT1887,3.365713095,1.030209788,29.24087106,33.95482575,0.24028228
BAT1888,3.218170159,0.973449823,18.83738343,34.96158558,0.238230409
BAT1889,3.103092466,1.236529644,27.76149969,34.60382894,0.236543641
BAT1890,3.856942969,0.981100373,28.12815467,33.82444161,0.239865701
BAT1891,3.235481138,0.788386878,21.51614091,33.29338535,0.241321506
BAT1892,3.828090425,0.964204324,27.91013284,33.77250165,0.24071037
BAT1893,3.468451735,1.962356409,26.30221132,32.34383323,0.241468955
BAT1894,3.498929761,1.116670125,22.30579072,33.44595376,0.238976221
BAT1895,3.563012995,1.167069165,19.95722658,32.19574985,0.238566762
BAT1896,3.44125021,1.364817485,15.18687154,31.56911434,0.238126197
BAT1897,3.120743973,1.975011153,26.74825024,33.07748249,0.239588207
BAT1898,3.371558172,0.862401915,17.17598614,34.56134689,0.239642818
BAT1899,3.796481233,1.521923166,25.476721,33.96221424,0.240313355
BAT1900,3.798941282,1.57397704,23.68275892,32.95447895,0.239741405
BAT1901,3.343469169,1.410986625,28.39571388,34.67472904,0.239832745
BAT1902,3.552123152,0.632867509,23.4897725,32.5039172,0.238646612
BAT1903,3.232136674,1.515308414,23.35276107,31.03895095,0.242183238
BAT1904,3.252446498,0.596142067,28.65935352,30.72977635,0.240553036
BAT1905,3.027656506,1.394213974,26.67529015,31.65987038,0.240151112
BAT1906,4.07609586,1.609371766,26.58077979,33.60737046,0.239105141
BAT1907,3.252847998,0.816454836,27.34633795,32.18923389,0.238036174
BAT1908,3.273040652,1.762433011,17.32213938,33.36019206,0.243415928
BAT1909,3.335521719,0.545530708,28.7839434,34.40728201,0.242009277
BAT1910,3.152889686,1.765719295,28.06234397,31.5226262,0.237752164
BAT1911,3.76711546,1.190493576,19.91658436,33.29097243,0.242626285
BAT1912,3.090171544,0.82638191,23.77959763,33.27989881,0.243044962
BAT1913,3.161042912,0.700667217,24.80346356,31.84160439,0.241548752
BAT1914,3.773708072,1.929960751,24.32751608,33.91245575,0.244596222
BAT1915,3.407592745,0.608998381,26.66929983,32.32511154,0.241933439
BAT1916,3.849537392,0.79864013,32.15683391,32.06966433,0.238766353
BAT1917,3.668909694,1.021733521,30.40883364,34.54699512,0.242430338
BAT1918,3.307225408,1.430352273,18.43890403,33.12599964,0.242289795
BAT1919,3.780993541,1.317201628,28.11034995,33.31572424,0.240693406
BAT1920,3.139528416,0.688465239,31.6446666,33.70682892,0.243147118
BAT1921,3.64369246,0.934591976,26.9340426,31.74037715,0.238764669
BAT1922,3.524577726,0.858127657,30.45490213,33.5472172,0.244181134
BAT1923,3.321448299,0.820314282,35.06135223,31.67647039,0.240543757
BAT1924,3.724805997,1.116716505,30.11854773,31.67227341,0.240430108
BAT1925,4.045600311,1.556047179,26.24654298,31.94772063,0.24227235
BAT1926,4.19868564,0.826179398,30.22544237,31.56038169,0.243465946
BAT1927,3.729315322,1.05001832,25.72443917,33.04155661,0.243027848
BAT1928,3.485647049,1.08637614,25.11951522,32.46439137,0.241314682
BAT1929,3.27024852,1.964684794,23.24292882,31.62497536,0.241887821
BAT1930,3.308515307,1.931999535,32.81706679,32.57180912,0.240733915
BAT1931,3.575345974,1.700206374,20.90785667,31.85280406,0.24265064
BAT1932,3.440733242,0.862488381,32.66183862,31.61792754,0.245350042
BAT1933,4.096577427,0.602055971,27.49932062,32.093295,0.243291474
BAT1934,3.441954561,0.975356207,18.00346913,32.62997843,0.245118829
BAT1935,3.448133509,0.900191824,26.83824646,32.35650693,0.246410803
BAT1936,3.460241415,1.2588887,14.49986746,31.78362864,0.242423963
BAT1937,4.003944252,1.666591865,28.12754008,32.64998627,0.243326853
BAT1938,3.780945985,1.787484408,29.42615741,31.51174067,0.248142386
BAT1939,3.73700262,1.767296128,22.03822022,31.19824961,0.246788687
BAT1940,3.400971627,1.039513342,25.61773848,30.35572243,0.240655191
BAT1941,3.981485012,1.530851515,34.77078717,32.54405017,0.244874297
BAT1942,3.046036634,0.969251296,22.47126648,31.84473496,0.24420112
BAT1943,4.044956607,0.591358315,19.70546206,32.10564573,0.245952906
BAT1944,3.61529988,1.552347898,32.40831701,32.55974368,0.242910042
BAT1945,3.477900282,0.514741329,34.81293595,31.06152661,0.242820783
BAT1946,3.596600737,1.113773881,25.01847836,30.26984364,0.243247859
BAT1947,3.800898637,0.994068904,30.05731518,31.59454185,0.243556143
BAT1948,3.015318512,1.540066308,31.70737958,31.71444651,0.246430648
BAT1949,4.045862228,1.649368209,21.28757884,31.3104269,0.242537598
BAT1950,3.53608743,0.956141954,22.57347082,33.05994387,0.243754772
BAT1951,3.411559824,1.717440522,31.15437257,28.82161771,0.241521975
BAT1952,3.165894679,0.940875141,33.42507139,32.4294097,0.247214236
BAT1953,3.527358449,1.16948954,27.8144043,32.15918519,0.24784206
BAT1954,3.595587326,1.590527791,20.60092823,31.89629492,0.244745853
BAT1955,3.484376033,1.539380344,34.93530556,27.79137705,0.244904101
BAT1956,3.814392113,1.981052708,22.34514551,32.58813095,0.246506444
BAT1957,3.505075835,0.837741536,23.32431109,30.34188381,0.248648964
BAT1958,4.153701093,1.49347687,26.71168917,30.69663313,0.246617221
BAT1959,3.719133021,1.414522862,32.7708021,30.88977422,0.244504916
BAT1960,3.968973523,1.872647682,29.26987988,31.46131986,0.242762355
BAT1961,3.131227084,0.734543212,27.0743275,31.82038068,0.243869747
BAT1962,3.476749552,1.627697245,27.31644265,31.94896514,0.246346439
BAT1963,3.404217242,1.352402924,25.21757334,31.91081491,0.244989345
BAT1964,3.683378866,0.911998805,27.79069757,31.30979687,0.246789935
BAT1965,4.033336224,1.211652371,12.35219961,31.72092761,0.245394152
BAT1966,3.094005861,1.000664896,23.5169627,29.98138574,0.244483707
BAT1967,3.087089758,1.368970104,26.20660967,30.19982055,0.244345937
BAT1968,4.02038125,1.833500916,19.24492958,31.90841981,0.249924709
BAT1969,3.255420103,1.353957477,26.93161659,31.71372171,0.248677975
BAT1970,3.802503905,1.447583627,23.9776439,31.61936086,0.250461036
BAT1971,3.651453759,1.278121771,33.77737849,30.17142889,0.248179902
BAT1972,3.999472314,0.57674826,32.86509863,31.65405379,0.246340017
BAT1973,3.150106692,0.849287835,22.67097215,29.72827917,0.249946682
BAT1974,3.155739559,1.238002594,24.24581144,31.86584891,0.247333864
BAT1975,3.668182032,0.965352926,24.63026217,30.51652832,0.247941684
BAT1976,4.135654384,0.772645397,22.74170262,32.48794587,0.247514351
BAT1977,3.49799731,1.256199263,25.97512492,29.13864429,0.241806192
BAT1978,3.39233052,0.98421469,21.20858966,32.51535466,0.25100947
BAT1979,3.728027188,0.887161465,19.34692333,30.40676035,0.248882008
BAT1980,4.116538321,1.195978126,28.11355612,30.15186685,0.248659646
BAT1981,4.004313399,0.699926387,28.14764792,30.74444435,0.247976448
BAT1982,4.194580333,1.8916186,20.9784212,29.84607835,0.248526856
BAT1983,3.0270823,1.801553147,29.47677715,30.27920445,0.247105442
BAT1984,3.135429774,1.561430879,21.84211135,29.75994982,0.249633159
BAT1985,3.731361316,0.659320741,26.26582619,29.76758669,0.245885803
BAT1986,3.984691727,1.663815882,29.10172006,30.76770654,0.248972137
BAT1987,3.342293211,1.711935992,24.83193718,29.42917683,0.249823147
BAT1988,3.287053306,1.651646927,27.27370456,29.48908007,0.248402662
BAT1989,3.944370959,0.670948831,22.41785178,29.04900867,0.249641736
BAT1990,3.067658225,1.465861936,24.01766708,29.77572071,0.247017331
BAT1991,3.443259177,1.751487194,23.97070285,31.5329696,0.247168346
BAT1992,3.606971067,1.366030102,21.26710827,29.43739128,0.249673434
BAT1993,3.672418409,1.469611063,24.11612918,29.45369323,0.250657099
BAT1994,3.874338188,1.187545219,17.25690851,30.51397985,0.245650269
BAT1995,3.425814868,1.29306098,22.54423126,29.80230418,0.250544041
BAT1996,3.735221214,0.551565288,23.57562253,32.42411786,0.248513597
BAT1997,3.702450507,1.458444533,23.71910124,29.90921937,0.249314388
BAT1998,3.657139321,0.622170819,23.79251277,30.45846656,0.247120964
BAT1999,3.768579952,1.152521892,24.691179,30.96535062,0.248196766
BAT2000,3.311339005,0.938982647,27.39720759,30.88273545,0.251932251
